-- phpMyAdmin SQL Dump
-- version 3.5.2.2
-- http://www.phpmyadmin.net
--
-- Servidor: 127.0.0.1
-- Tiempo de generación: 05-11-2012 a las 15:12:05
-- Versión del servidor: 5.5.27
-- Versión de PHP: 5.4.7

SET SQL_MODE="NO_AUTO_VALUE_ON_ZERO";
SET time_zone = "+00:00";


/*!40101 SET @OLD_CHARACTER_SET_CLIENT=@@CHARACTER_SET_CLIENT */;
/*!40101 SET @OLD_CHARACTER_SET_RESULTS=@@CHARACTER_SET_RESULTS */;
/*!40101 SET @OLD_COLLATION_CONNECTION=@@COLLATION_CONNECTION */;
/*!40101 SET NAMES utf8 */;

--
-- Base de datos: `totemmallplaza`
--

-- --------------------------------------------------------

--
-- Estructura de tabla para la tabla `cambiadorpiso`
--

CREATE TABLE IF NOT EXISTS `cambiadorpiso` (
  `idcambiadorPiso` int(11) NOT NULL AUTO_INCREMENT,
  `idnodo` int(11) DEFAULT NULL,
  `tipo` varchar(45) DEFAULT NULL,
  `sube` tinyint(1) DEFAULT NULL,
  `baja` tinyint(1) DEFAULT NULL,
  `idnodoSubida` int(11) DEFAULT NULL,
  `idnodoBajada` int(11) DEFAULT NULL,
  PRIMARY KEY (`idcambiadorPiso`)
) ENGINE=InnoDB  DEFAULT CHARSET=latin1 AUTO_INCREMENT=21 ;

--
-- Volcado de datos para la tabla `cambiadorpiso`
--

INSERT INTO `cambiadorpiso` (`idcambiadorPiso`, `idnodo`, `tipo`, `sube`, `baja`, `idnodoSubida`, `idnodoBajada`) VALUES
(1, 226, '1', 1, 0, 236, 0),
(2, 227, '1', 1, 0, 237, 0),
(3, 228, '2', 1, 0, 238, 0),
(4, 229, '1', 1, 0, 239, 0),
(5, 230, '1', 1, 0, 240, 0),
(6, 231, '1', 1, 0, 241, 0),
(7, 232, '1', 1, 0, 242, 0),
(8, 233, '2', 1, 0, 243, 0),
(9, 234, '1', 1, 0, 244, 0),
(10, 235, '1', 1, 0, 245, 0),
(11, 236, '1', 0, 1, 0, 226),
(12, 237, '1', 0, 1, 0, 227),
(13, 238, '2', 0, 1, 0, 228),
(14, 239, '1', 0, 1, 0, 229),
(15, 240, '1', 0, 1, 0, 230),
(16, 241, '1', 0, 1, 0, 231),
(17, 242, '1', 0, 1, 0, 232),
(18, 243, '2', 0, 1, 0, 233),
(19, 244, '1', 0, 1, 0, 234),
(20, 245, '1', 0, 1, 0, 235);

-- --------------------------------------------------------

--
-- Estructura de tabla para la tabla `categoria`
--

CREATE TABLE IF NOT EXISTS `categoria` (
  `idCategoria` int(11) NOT NULL AUTO_INCREMENT,
  `nombreCategoria` varchar(100) DEFAULT NULL,
  PRIMARY KEY (`idCategoria`)
) ENGINE=InnoDB DEFAULT CHARSET=latin1 AUTO_INCREMENT=1 ;

-- --------------------------------------------------------

--
-- Estructura de tabla para la tabla `detallemarca`
--

CREATE TABLE IF NOT EXISTS `detallemarca` (
  `iddetalleMarca` int(11) NOT NULL AUTO_INCREMENT,
  `idproducto` int(11) DEFAULT NULL,
  `idmarca` int(11) DEFAULT NULL,
  `idtienda` int(11) DEFAULT NULL,
  PRIMARY KEY (`iddetalleMarca`),
  KEY `fk_dm_idproducto` (`idproducto`),
  KEY `fk_dm_idmarca` (`idmarca`),
  KEY `idtienda` (`idtienda`)
) ENGINE=InnoDB  DEFAULT CHARSET=latin1 AUTO_INCREMENT=257 ;

--
-- Volcado de datos para la tabla `detallemarca`
--

INSERT INTO `detallemarca` (`iddetalleMarca`, `idproducto`, `idmarca`, `idtienda`) VALUES
(1, NULL, 1, 143),
(2, NULL, 6, 189),
(3, NULL, 13, 51),
(4, NULL, 76, 51),
(5, NULL, 77, 192),
(6, NULL, 27, 192),
(7, NULL, 116, 192),
(8, NULL, 175, 192),
(9, NULL, 116, 152),
(10, NULL, 40, 152),
(11, NULL, 58, 152),
(12, NULL, 12, 152),
(13, NULL, 14, 134),
(14, NULL, 23, 57),
(15, NULL, 24, 56),
(16, NULL, 70, 72),
(17, NULL, 16, 26),
(18, NULL, 17, 24),
(19, NULL, 118, 27),
(20, NULL, 18, 66),
(21, NULL, 19, 125),
(22, NULL, 196, 194),
(23, NULL, 21, 55),
(24, NULL, 22, 65),
(25, NULL, 161, 65),
(26, NULL, 186, 65),
(27, NULL, 165, 65),
(28, NULL, 183, 65),
(29, NULL, 26, 169),
(30, NULL, 161, 139),
(31, NULL, 186, 139),
(32, NULL, 1, 139),
(33, NULL, 190, 139),
(34, NULL, 30, 222),
(35, NULL, 33, 191),
(36, NULL, 1, 128),
(37, NULL, 222, 128),
(38, NULL, 67, 128),
(39, NULL, 186, 128),
(40, NULL, 161, 128),
(41, NULL, 37, 15),
(42, NULL, 38, 179),
(43, NULL, 38, 11),
(44, NULL, 39, 126),
(45, NULL, 42, 162),
(46, NULL, 43, 19),
(47, NULL, 161, 19),
(48, NULL, 204, 19),
(49, NULL, 44, 170),
(50, NULL, 49, 16),
(51, NULL, 3, 71),
(52, NULL, 99, 71),
(53, NULL, 151, 71),
(54, NULL, 25, 71),
(55, NULL, 136, 71),
(56, NULL, 45, 131),
(57, NULL, 108, 131),
(58, NULL, 159, 131),
(59, NULL, 197, 131),
(60, NULL, 35, 131),
(61, NULL, 48, 62),
(62, NULL, 162, 62),
(63, NULL, 77, 62),
(64, NULL, 51, 68),
(65, NULL, 59, 74),
(66, NULL, 67, 166),
(67, NULL, 1, 166),
(68, NULL, 60, 186),
(69, NULL, 61, 45),
(70, NULL, 55, 103),
(71, NULL, 81, 103),
(72, NULL, 63, 91),
(73, NULL, 65, 133),
(74, NULL, 69, 69),
(75, NULL, 75, 135),
(76, NULL, 77, 157),
(77, NULL, 78, 193),
(78, NULL, 79, 172),
(79, NULL, 1, 156),
(80, NULL, 161, 156),
(81, NULL, 41, 156),
(82, NULL, 190, 156),
(83, NULL, 165, 156),
(84, NULL, 8, 25),
(85, NULL, 205, 25),
(86, NULL, 169, 25),
(87, NULL, 195, 25),
(88, NULL, 133, 140),
(89, NULL, 64, 140),
(90, NULL, 117, 140),
(91, NULL, 139, 140),
(92, NULL, 132, 140),
(93, NULL, 211, 75),
(94, NULL, 226, 75),
(95, NULL, 62, 75),
(96, NULL, 149, 75),
(97, NULL, 31, 75),
(98, NULL, 214, 75),
(99, NULL, 73, 75),
(100, NULL, 56, 75),
(101, NULL, 219, 75),
(102, NULL, 201, 75),
(103, NULL, 211, 40),
(104, NULL, 226, 40),
(105, NULL, 62, 40),
(106, NULL, 149, 40),
(107, NULL, 31, 40),
(108, NULL, 214, 40),
(109, NULL, 73, 40),
(110, NULL, 56, 40),
(111, NULL, 219, 40),
(112, NULL, 201, 40),
(113, NULL, 87, 50),
(114, NULL, 88, 137),
(115, NULL, 134, 17),
(116, NULL, 152, 17),
(117, NULL, 7, 17),
(118, NULL, 47, 17),
(119, NULL, 224, 17),
(120, NULL, 89, 150),
(121, NULL, 95, 97),
(122, NULL, 92, 220),
(123, NULL, 94, 100),
(124, NULL, 105, 100),
(125, NULL, 94, 105),
(126, NULL, 105, 105),
(127, NULL, 96, 171),
(128, NULL, 150, 48),
(129, NULL, 66, 48),
(130, NULL, 41, 48),
(131, NULL, 52, 48),
(132, NULL, 71, 48),
(133, NULL, 119, 48),
(134, NULL, 97, 18),
(135, NULL, 98, 13),
(136, NULL, 103, 218),
(137, NULL, 106, 182),
(138, NULL, 106, 183),
(139, NULL, 48, 210),
(140, NULL, 109, 210),
(141, NULL, 112, 53),
(142, NULL, 113, 49),
(143, NULL, 114, 104),
(144, NULL, 115, 221),
(145, NULL, 135, 7),
(146, NULL, 158, 7),
(147, NULL, 85, 7),
(148, NULL, 91, 7),
(149, NULL, 120, 223),
(150, NULL, 122, 188),
(151, NULL, 123, 184),
(152, NULL, 126, 102),
(153, NULL, 127, 102),
(154, NULL, 129, 102),
(155, NULL, 128, 102),
(156, NULL, 125, 102),
(157, NULL, 131, 158),
(158, NULL, 137, 52),
(159, NULL, 208, 167),
(160, NULL, 216, 167),
(161, NULL, 72, 167),
(162, NULL, 212, 167),
(163, NULL, 4, 167),
(164, NULL, 138, 165),
(165, NULL, 82, 38),
(166, NULL, 139, 38),
(167, NULL, 145, 38),
(168, NULL, 164, 38),
(169, NULL, 141, 146),
(170, NULL, 143, 61),
(171, NULL, 144, 60),
(172, NULL, 147, 8),
(173, NULL, 154, 166),
(174, NULL, 155, 21),
(175, NULL, 156, 224),
(176, NULL, 84, 224),
(177, NULL, 2, 224),
(178, NULL, 50, 224),
(179, NULL, 170, 224),
(180, NULL, 32, 224),
(181, NULL, 181, 224),
(182, NULL, 160, 31),
(183, NULL, 102, 20),
(184, NULL, 80, 20),
(185, NULL, 187, 20),
(186, NULL, 174, 20),
(187, NULL, 217, 20),
(188, NULL, 5, 20),
(189, NULL, 177, 59),
(190, NULL, 9, 59),
(191, NULL, 111, 59),
(192, NULL, 1, 59),
(193, NULL, 34, 59),
(194, NULL, 10, 59),
(195, NULL, 192, 141),
(196, NULL, 52, 141),
(197, NULL, 53, 141),
(198, NULL, 10, 141),
(199, NULL, 104, 141),
(200, NULL, 46, 141),
(201, NULL, 166, 148),
(202, NULL, 74, 148),
(203, NULL, 157, 148),
(204, NULL, 204, 148),
(205, NULL, 188, 225),
(206, NULL, 227, 225),
(207, NULL, 228, 225),
(208, NULL, 10, 225),
(209, NULL, 167, 5),
(210, NULL, 171, 151),
(211, NULL, 90, 151),
(212, NULL, 186, 151),
(213, NULL, 161, 151),
(214, NULL, 1, 151),
(215, NULL, 190, 151),
(217, NULL, 168, 58),
(218, NULL, 124, 58),
(219, NULL, 139, 58),
(220, NULL, 189, 58),
(221, NULL, 168, 213),
(222, NULL, 124, 213),
(223, NULL, 139, 213),
(224, NULL, 189, 213),
(225, NULL, 178, 173),
(226, NULL, 179, 190),
(227, NULL, 182, 63),
(228, NULL, 184, 129),
(229, NULL, 191, 159),
(230, NULL, 142, 54),
(231, NULL, 142, 147),
(232, NULL, 198, 174),
(233, NULL, 199, 47),
(234, NULL, 230, 47),
(235, NULL, 194, 47),
(236, NULL, 57, 47),
(237, NULL, 200, 138),
(238, NULL, 202, 67),
(239, NULL, 186, 46),
(240, NULL, 190, 46),
(241, NULL, 1, 46),
(242, NULL, 161, 46),
(243, NULL, 204, 46),
(244, NULL, 153, 46),
(245, NULL, 107, 46),
(246, NULL, 213, 181),
(247, NULL, 220, 212),
(248, NULL, 203, 132),
(249, NULL, 206, 132),
(250, NULL, 221, 136),
(251, NULL, 225, 22),
(252, NULL, 223, 64),
(253, NULL, 229, 12),
(254, NULL, 231, 163),
(255, NULL, 210, 184),
(256, NULL, 176, 184);

-- --------------------------------------------------------

--
-- Estructura de tabla para la tabla `detalleoferta`
--

CREATE TABLE IF NOT EXISTS `detalleoferta` (
  `iddetalleOferta` int(11) NOT NULL AUTO_INCREMENT,
  `idoferta` int(11) DEFAULT NULL,
  `idproducto` int(11) DEFAULT NULL,
  PRIMARY KEY (`iddetalleOferta`),
  KEY `fk_do_idoferta` (`idoferta`),
  KEY `fk_do_idproducto` (`idproducto`)
) ENGINE=InnoDB DEFAULT CHARSET=latin1 AUTO_INCREMENT=1 ;

-- --------------------------------------------------------

--
-- Estructura de tabla para la tabla `detallepromocion`
--

CREATE TABLE IF NOT EXISTS `detallepromocion` (
  `iddetallePromocion` int(11) NOT NULL AUTO_INCREMENT,
  `idpromocion` int(11) DEFAULT NULL,
  `idproducto` int(11) DEFAULT NULL,
  PRIMARY KEY (`iddetallePromocion`),
  KEY `fk_dt_idpromocion` (`idpromocion`),
  KEY `fk_dt_idproducto` (`idproducto`)
) ENGINE=InnoDB DEFAULT CHARSET=latin1 AUTO_INCREMENT=1 ;

-- --------------------------------------------------------

--
-- Estructura de tabla para la tabla `detallerubro`
--

CREATE TABLE IF NOT EXISTS `detallerubro` (
  `iddetalleRubro` int(11) NOT NULL AUTO_INCREMENT,
  `idtienda` int(11) DEFAULT NULL,
  `idrubro` int(11) DEFAULT NULL,
  PRIMARY KEY (`iddetalleRubro`),
  KEY `fk_dr_idtienda` (`idtienda`),
  KEY `fk_dr_idrubro` (`idrubro`)
) ENGINE=InnoDB  DEFAULT CHARSET=latin1 AUTO_INCREMENT=410 ;

--
-- Volcado de datos para la tabla `detallerubro`
--

INSERT INTO `detallerubro` (`iddetalleRubro`, `idtienda`, `idrubro`) VALUES
(1, 103, 1),
(2, 100, 1),
(3, 105, 1),
(4, 97, 1),
(5, 104, 1),
(6, 102, 1),
(7, 89, 1),
(8, 101, 1),
(9, 84, 1),
(10, 85, 1),
(11, 88, 1),
(12, 98, 1),
(13, 95, 1),
(14, 93, 1),
(15, 96, 1),
(16, 94, 1),
(17, 90, 1),
(18, 87, 1),
(19, 31, 2),
(20, 156, 3),
(21, 143, 3),
(22, 139, 3),
(23, 128, 3),
(24, 222, 3),
(25, 60, 3),
(26, 151, 3),
(27, 46, 3),
(28, 132, 3),
(29, 154, 3),
(30, 48, 3),
(31, 153, 3),
(32, 45, 4),
(33, 182, 4),
(34, 183, 4),
(35, 62, 5),
(36, 68, 5),
(37, 71, 5),
(38, 210, 5),
(39, 65, 6),
(40, 168, 6),
(41, 137, 6),
(42, 53, 6),
(43, 17, 6),
(44, 9, 6),
(45, 60, 6),
(46, 218, 6),
(47, 166, 6),
(48, 21, 6),
(49, 63, 6),
(50, 47, 6),
(51, 132, 6),
(52, 136, 6),
(53, 187, 6),
(54, 50, 6),
(55, 15, 7),
(56, 223, 7),
(57, 157, 8),
(58, 146, 9),
(59, 189, 10),
(60, 51, 10),
(61, 65, 10),
(62, 131, 10),
(63, 16, 10),
(64, 162, 10),
(65, 135, 10),
(66, 193, 10),
(67, 220, 10),
(68, 53, 10),
(69, 17, 10),
(70, 219, 10),
(71, 9, 10),
(72, 18, 10),
(73, 221, 10),
(74, 7, 10),
(75, 188, 10),
(76, 166, 10),
(77, 21, 10),
(78, 190, 10),
(79, 47, 10),
(80, 14, 10),
(81, 136, 10),
(82, 64, 10),
(83, 12, 10),
(84, 169, 10),
(85, 22, 10),
(86, 187, 10),
(87, 61, 10),
(88, 50, 10),
(89, 127, 10),
(90, 149, 11),
(91, 167, 11),
(92, 52, 11),
(93, 158, 11),
(94, 19, 12),
(95, 192, 12),
(96, 65, 12),
(97, 152, 12),
(98, 191, 12),
(99, 133, 12),
(100, 150, 12),
(101, 53, 12),
(102, 9, 12),
(103, 60, 12),
(104, 49, 12),
(105, 157, 12),
(106, 165, 12),
(107, 166, 12),
(108, 21, 12),
(109, 5, 12),
(110, 50, 12),
(111, 75, 13),
(112, 225, 13),
(113, 140, 13),
(114, 20, 13),
(115, 148, 13),
(116, 224, 13),
(117, 59, 13),
(118, 129, 13),
(119, 141, 13),
(120, 40, 13),
(121, 13, 14),
(122, 7, 14),
(123, 58, 14),
(124, 213, 14),
(125, 38, 14),
(126, 179, 15),
(127, 11, 15),
(128, 170, 15),
(129, 126, 15),
(130, 172, 15),
(131, 23, 15),
(132, 186, 15),
(133, 171, 15),
(134, 176, 15),
(135, 146, 15),
(136, 8, 15),
(138, 184, 15),
(139, 173, 15),
(140, 174, 15),
(141, 138, 15),
(142, 181, 15),
(143, 163, 15),
(144, 56, 16),
(145, 66, 16),
(146, 26, 16),
(147, 24, 16),
(148, 27, 16),
(149, 125, 16),
(150, 194, 16),
(151, 55, 16),
(152, 57, 16),
(153, 72, 16),
(154, 73, 16),
(155, 91, 16),
(156, 69, 16),
(157, 74, 16),
(158, 97, 16),
(159, 6, 16),
(160, 178, 16),
(161, 7, 16),
(162, 31, 16),
(163, 129, 16),
(164, 159, 16),
(165, 212, 16),
(166, 94, 16),
(167, 25, 17),
(168, 160, 17),
(169, 81, 17),
(170, 203, 17),
(171, 54, 17),
(172, 147, 17),
(173, 56, 18),
(174, 66, 18),
(175, 26, 18),
(176, 24, 18),
(177, 27, 18),
(178, 125, 18),
(179, 194, 18),
(180, 55, 18),
(181, 57, 18),
(182, 72, 18),
(183, 56, 19),
(184, 66, 19),
(185, 26, 19),
(186, 24, 19),
(187, 27, 19),
(188, 125, 19),
(189, 194, 19),
(190, 55, 19),
(191, 57, 19),
(192, 72, 19),
(193, 97, 19),
(194, 159, 21),
(195, 210, 22),
(196, 6, 23),
(197, 178, 23),
(198, 7, 23),
(199, 58, 23),
(200, 213, 23),
(201, 59, 23),
(202, 129, 23),
(203, 141, 23),
(204, 40, 23),
(205, 38, 23),
(206, 212, 25),
(207, 156, 27),
(208, 143, 27),
(209, 189, 27),
(210, 90, 27),
(211, 51, 27),
(212, 192, 27),
(213, 152, 27),
(214, 56, 27),
(215, 56, 27),
(216, 56, 27),
(217, 66, 27),
(218, 66, 27),
(219, 66, 27),
(220, 26, 27),
(221, 26, 27),
(222, 26, 27),
(223, 24, 27),
(224, 24, 27),
(225, 24, 27),
(226, 27, 27),
(227, 27, 27),
(228, 27, 27),
(229, 125, 27),
(230, 125, 27),
(231, 125, 27),
(232, 194, 27),
(233, 194, 27),
(234, 194, 27),
(235, 55, 27),
(236, 55, 27),
(237, 55, 27),
(238, 65, 27),
(239, 65, 27),
(240, 65, 27),
(241, 57, 27),
(242, 57, 27),
(243, 57, 27),
(244, 94, 27),
(245, 94, 27),
(246, 168, 27),
(247, 139, 27),
(248, 222, 27),
(249, 191, 27),
(250, 128, 27),
(251, 15, 27),
(252, 179, 27),
(253, 11, 27),
(254, 126, 27),
(255, 162, 27),
(256, 19, 27),
(257, 170, 27),
(258, 131, 27),
(259, 73, 27),
(260, 62, 27),
(261, 16, 27),
(262, 68, 27),
(263, 71, 27),
(264, 93, 27),
(265, 96, 27),
(266, 103, 27),
(267, 74, 27),
(268, 186, 27),
(269, 45, 27),
(270, 91, 27),
(271, 133, 27),
(272, 23, 27),
(273, 69, 27),
(274, 72, 27),
(275, 72, 27),
(276, 72, 27),
(277, 140, 27),
(278, 135, 27),
(279, 157, 27),
(280, 157, 27),
(281, 193, 27),
(282, 172, 27),
(283, 87, 27),
(284, 225, 27),
(285, 9, 27),
(286, 9, 27),
(287, 9, 27),
(288, 75, 27),
(289, 50, 27),
(290, 50, 27),
(291, 50, 27),
(292, 149, 27),
(293, 17, 27),
(294, 17, 27),
(295, 219, 27),
(296, 150, 27),
(297, 220, 27),
(298, 100, 27),
(299, 105, 27),
(300, 97, 27),
(301, 97, 27),
(302, 97, 27),
(303, 187, 27),
(304, 187, 27),
(305, 137, 27),
(306, 171, 27),
(307, 48, 27),
(308, 18, 27),
(309, 13, 27),
(310, 127, 27),
(311, 218, 27),
(312, 182, 27),
(313, 183, 27),
(314, 210, 27),
(315, 210, 27),
(316, 53, 27),
(317, 53, 27),
(318, 53, 27),
(319, 49, 27),
(320, 104, 27),
(321, 221, 27),
(322, 6, 27),
(323, 178, 27),
(324, 6, 27),
(325, 178, 27),
(326, 7, 27),
(327, 7, 27),
(328, 7, 27),
(329, 7, 27),
(330, 223, 27),
(331, 188, 27),
(332, 176, 27),
(333, 102, 27),
(334, 158, 27),
(335, 167, 27),
(336, 52, 27),
(337, 165, 27),
(338, 38, 27),
(339, 38, 27),
(340, 146, 27),
(341, 146, 27),
(342, 61, 27),
(343, 60, 27),
(344, 60, 27),
(345, 60, 27),
(346, 8, 27),
(347, 166, 27),
(348, 166, 27),
(349, 166, 27),
(350, 21, 27),
(351, 21, 27),
(352, 21, 27),
(353, 224, 27),
(354, 89, 27),
(355, 31, 27),
(356, 31, 27),
(357, 20, 27),
(358, 148, 27),
(359, 5, 27),
(360, 58, 27),
(361, 213, 27),
(362, 58, 27),
(363, 213, 27),
(364, 151, 27),
(366, 101, 27),
(367, 184, 27),
(368, 59, 27),
(369, 59, 27),
(370, 173, 27),
(371, 190, 27),
(372, 63, 27),
(373, 129, 27),
(374, 129, 27),
(375, 129, 27),
(376, 159, 27),
(377, 159, 27),
(378, 141, 27),
(379, 141, 27),
(380, 40, 27),
(381, 40, 27),
(382, 174, 27),
(383, 47, 27),
(384, 47, 27),
(385, 138, 27),
(386, 46, 27),
(387, 84, 27),
(388, 85, 27),
(389, 88, 27),
(390, 98, 27),
(391, 181, 27),
(392, 154, 27),
(393, 14, 27),
(394, 153, 27),
(395, 212, 27),
(396, 212, 27),
(397, 132, 27),
(398, 132, 27),
(399, 136, 27),
(400, 136, 27),
(401, 64, 27),
(402, 22, 27),
(403, 95, 27),
(404, 12, 27),
(405, 163, 27),
(406, 169, 27),
(407, 134, 27),
(408, 33, 27),
(409, 67, 27);

-- --------------------------------------------------------

--
-- Estructura de tabla para la tabla `detalletienda`
--

CREATE TABLE IF NOT EXISTS `detalletienda` (
  `iddetalleTienda` int(11) NOT NULL AUTO_INCREMENT,
  `idtienda` int(11) DEFAULT NULL,
  `idproducto` int(11) DEFAULT NULL,
  PRIMARY KEY (`iddetalleTienda`),
  KEY `fk_idtienda` (`idtienda`),
  KEY `fk_idproducto` (`idproducto`)
) ENGINE=InnoDB  DEFAULT CHARSET=latin1 AUTO_INCREMENT=474 ;

--
-- Volcado de datos para la tabla `detalletienda`
--

INSERT INTO `detalletienda` (`iddetalleTienda`, `idtienda`, `idproducto`) VALUES
(1, 143, 1),
(2, 143, 2),
(3, 143, 3),
(4, 143, 4),
(5, 143, 5),
(6, 143, 6),
(7, 51, 7),
(8, 51, 8),
(9, 51, 9),
(10, 51, 10),
(11, 192, 11),
(12, 192, 12),
(13, 192, 13),
(14, 192, 14),
(15, 152, 12),
(16, 152, 15),
(17, 152, 16),
(18, 152, 17),
(19, 134, 63),
(20, 134, 1),
(21, 134, 18),
(22, 57, 19),
(23, 57, 20),
(24, 57, 21),
(25, 57, 22),
(26, 57, 23),
(27, 56, 19),
(28, 56, 20),
(29, 56, 21),
(30, 56, 22),
(31, 56, 21),
(32, 56, 22),
(33, 72, 20),
(34, 72, 21),
(35, 72, 22),
(36, 72, 23),
(37, 26, 19),
(38, 26, 20),
(39, 26, 21),
(40, 26, 22),
(41, 26, 23),
(42, 24, 19),
(43, 24, 20),
(44, 24, 21),
(45, 24, 22),
(46, 24, 23),
(47, 24, 19),
(48, 27, 19),
(49, 27, 20),
(50, 27, 21),
(51, 27, 22),
(52, 27, 23),
(53, 66, 20),
(54, 66, 21),
(55, 66, 22),
(56, 66, 23),
(57, 125, 20),
(58, 125, 21),
(59, 125, 22),
(60, 125, 23),
(61, 194, 19),
(62, 194, 20),
(63, 194, 21),
(64, 194, 22),
(65, 194, 23),
(66, 55, 19),
(67, 55, 20),
(68, 55, 21),
(69, 55, 22),
(70, 55, 23),
(71, 65, 1),
(72, 65, 24),
(73, 65, 25),
(74, 65, 8),
(75, 65, 26),
(76, 168, 27),
(77, 168, 28),
(78, 168, 29),
(79, 168, 30),
(80, 168, 31),
(81, 139, 32),
(82, 139, 4),
(83, 139, 2),
(84, 139, 1),
(85, 139, 33),
(86, 222, 40),
(87, 222, 41),
(88, 222, 42),
(89, 222, 43),
(90, 222, 28),
(91, 191, 44),
(92, 191, 45),
(93, 191, 46),
(94, 191, 31),
(95, 191, 47),
(96, 128, 1),
(97, 128, 48),
(98, 128, 49),
(99, 128, 26),
(100, 11, 50),
(101, 11, 51),
(102, 11, 52),
(103, 11, 175),
(104, 11, 53),
(105, 11, 54),
(106, 179, 50),
(107, 179, 51),
(108, 179, 52),
(109, 179, 175),
(110, 179, 53),
(111, 179, 54),
(112, 126, 53),
(113, 126, 50),
(114, 126, 51),
(115, 19, 55),
(116, 19, 56),
(117, 19, 57),
(118, 19, 58),
(119, 170, 59),
(120, 170, 60),
(121, 170, 61),
(122, 170, 51),
(123, 170, 62),
(124, 16, 63),
(125, 16, 64),
(126, 71, 65),
(127, 71, 9),
(128, 71, 66),
(129, 71, 67),
(130, 71, 68),
(131, 131, 69),
(132, 131, 26),
(133, 131, 70),
(134, 131, 71),
(135, 131, 72),
(136, 62, 73),
(137, 62, 74),
(138, 62, 75),
(139, 62, 76),
(140, 62, 77),
(141, 68, 80),
(142, 74, 82),
(143, 74, 83),
(144, 74, 84),
(145, 74, 85),
(146, 166, 1),
(147, 186, 86),
(148, 186, 87),
(149, 186, 88),
(150, 186, 89),
(151, 45, 90),
(152, 45, 91),
(153, 45, 92),
(154, 103, 81),
(155, 91, 23),
(156, 133, 7),
(157, 133, 93),
(158, 133, 9),
(159, 69, 94),
(160, 69, 95),
(161, 69, 96),
(162, 69, 84),
(163, 135, 97),
(164, 157, 41),
(165, 157, 98),
(166, 157, 99),
(167, 157, 100),
(168, 193, 8),
(169, 193, 101),
(170, 193, 102),
(171, 193, 9),
(172, 172, 103),
(173, 172, 104),
(174, 172, 62),
(175, 172, 53),
(176, 172, 60),
(177, 156, 1),
(178, 156, 26),
(179, 156, 32),
(180, 156, 4),
(181, 156, 43),
(182, 25, 107),
(183, 25, 108),
(184, 25, 93),
(185, 25, 109),
(186, 25, 110),
(187, 160, 107),
(188, 160, 108),
(189, 160, 93),
(190, 160, 109),
(191, 160, 110),
(192, 140, 111),
(193, 140, 112),
(194, 140, 113),
(195, 140, 114),
(196, 140, 115),
(197, 75, 116),
(198, 75, 117),
(199, 75, 112),
(200, 75, 118),
(201, 75, 115),
(202, 40, 116),
(203, 40, 117),
(204, 40, 112),
(205, 40, 118),
(206, 40, 115),
(207, 50, 40),
(208, 50, 30),
(209, 50, 31),
(210, 50, 119),
(211, 50, 106),
(212, 137, 31),
(213, 137, 31),
(214, 137, 42),
(215, 137, 120),
(216, 137, 29),
(217, 137, 121),
(218, 137, 122),
(219, 137, 40),
(220, 137, 123),
(221, 137, 9),
(222, 17, 64),
(223, 17, 124),
(224, 17, 125),
(225, 17, 126),
(226, 17, 127),
(227, 150, 45),
(228, 150, 72),
(229, 150, 26),
(230, 150, 128),
(231, 150, 2),
(232, 97, 129),
(233, 97, 130),
(234, 97, 131),
(235, 220, 70),
(236, 220, 132),
(237, 220, 133),
(238, 220, 71),
(239, 220, 134),
(240, 100, 81),
(241, 100, 135),
(242, 100, 136),
(243, 171, 138),
(244, 171, 139),
(245, 171, 61),
(246, 48, 140),
(247, 48, 141),
(248, 48, 142),
(249, 48, 41),
(250, 18, 143),
(251, 18, 64),
(252, 18, 8),
(253, 18, 144),
(254, 18, 63),
(255, 18, 124),
(256, 13, 145),
(257, 127, 64),
(258, 127, 63),
(259, 127, 124),
(260, 127, 18),
(261, 218, 126),
(262, 218, 26),
(263, 218, 28),
(264, 218, 152),
(265, 218, 153),
(266, 182, 154),
(267, 182, 155),
(268, 182, 156),
(269, 182, 61),
(270, 182, 51),
(271, 183, 154),
(272, 183, 155),
(273, 183, 156),
(274, 183, 61),
(275, 183, 51),
(276, 210, 73),
(277, 210, 74),
(278, 210, 160),
(279, 53, 161),
(280, 53, 162),
(281, 53, 144),
(282, 53, 26),
(283, 49, 120),
(284, 49, 31),
(285, 49, 63),
(286, 49, 43),
(287, 49, 1),
(288, 104, 81),
(289, 6, 163),
(290, 6, 164),
(291, 6, 165),
(292, 178, 163),
(293, 178, 164),
(294, 178, 165),
(295, 221, 42),
(296, 221, 166),
(297, 221, 120),
(298, 221, 167),
(299, 221, 106),
(300, 7, 168),
(301, 7, 169),
(302, 7, 170),
(303, 7, 171),
(304, 223, 172),
(305, 223, 173),
(306, 223, 99),
(307, 223, 102),
(308, 223, 174),
(309, 188, 72),
(310, 188, 177),
(311, 188, 178),
(312, 176, 179),
(313, 176, 62),
(314, 176, 61),
(315, 176, 175),
(316, 102, 81),
(317, 102, 180),
(318, 102, 181),
(319, 158, 182),
(320, 158, 183),
(321, 158, 184),
(322, 158, 185),
(323, 52, 186),
(324, 167, 187),
(325, 167, 188),
(326, 167, 189),
(327, 167, 190),
(328, 167, 191),
(329, 167, 192),
(330, 165, 197),
(331, 165, 105),
(332, 165, 166),
(333, 165, 47),
(334, 165, 42),
(335, 38, 171),
(336, 38, 198),
(337, 38, 199),
(338, 38, 200),
(339, 146, 201),
(340, 146, 54),
(341, 146, 202),
(342, 146, 203),
(343, 146, 204),
(344, 61, 207),
(345, 61, 208),
(346, 61, 209),
(347, 61, 8),
(348, 61, 106),
(349, 60, 210),
(350, 60, 211),
(351, 60, 30),
(352, 60, 3),
(353, 60, 42),
(354, 8, 59),
(355, 8, 62),
(356, 8, 60),
(357, 8, 61),
(358, 8, 51),
(359, 166, 26),
(360, 166, 212),
(361, 166, 69),
(362, 166, 71),
(363, 21, 72),
(364, 21, 70),
(365, 21, 132),
(366, 21, 212),
(367, 21, 26),
(368, 224, 199),
(369, 224, 111),
(370, 224, 213),
(371, 31, 215),
(372, 31, 216),
(373, 20, 183),
(374, 20, 217),
(375, 20, 218),
(376, 59, 183),
(377, 59, 217),
(378, 59, 218),
(379, 141, 183),
(380, 141, 217),
(381, 141, 218),
(382, 148, 183),
(383, 148, 217),
(384, 148, 218),
(385, 225, 183),
(386, 225, 217),
(387, 225, 218),
(388, 5, 219),
(389, 5, 220),
(390, 151, 1),
(391, 211, 223),
(395, 58, 225),
(396, 213, 225),
(397, 173, 54),
(398, 173, 61),
(399, 173, 51),
(400, 173, 229),
(401, 190, 64),
(402, 190, 124),
(403, 190, 144),
(404, 190, 126),
(405, 190, 1),
(406, 63, 28),
(407, 63, 46),
(408, 63, 31),
(409, 63, 230),
(410, 63, 120),
(411, 129, 231),
(412, 129, 111),
(413, 129, 171),
(414, 129, 232),
(415, 129, 233),
(416, 159, 234),
(417, 54, 107),
(418, 147, 107),
(419, 174, 53),
(420, 174, 235),
(421, 174, 61),
(422, 174, 51),
(423, 174, 236),
(424, 174, 237),
(425, 47, 238),
(426, 47, 239),
(427, 47, 4),
(428, 47, 8),
(429, 47, 41),
(430, 138, 103),
(431, 138, 54),
(432, 138, 176),
(433, 138, 240),
(434, 67, 241),
(435, 67, 242),
(436, 67, 243),
(437, 67, 244),
(438, 46, 32),
(439, 46, 245),
(440, 46, 246),
(441, 46, 2),
(442, 46, 1),
(443, 181, 226),
(444, 14, 247),
(445, 212, 249),
(446, 132, 1),
(447, 132, 3),
(448, 136, 40),
(449, 22, 63),
(450, 22, 144),
(451, 22, 8),
(452, 64, 250),
(453, 64, 101),
(454, 64, 251),
(455, 64, 252),
(456, 12, 40),
(457, 12, 42),
(458, 12, 30),
(459, 12, 48),
(460, 12, 119),
(461, 12, 105),
(462, 163, 254),
(463, 163, 50),
(464, 163, 61),
(465, 163, 51),
(466, 169, 30),
(467, 169, 42),
(468, 169, 255),
(469, 169, 252),
(470, 184, 226),
(471, 184, 227),
(472, 184, 228),
(473, 184, 60);

-- --------------------------------------------------------

--
-- Estructura de tabla para la tabla `estacionamiento`
--

CREATE TABLE IF NOT EXISTS `estacionamiento` (
  `idestacionamiento` int(11) NOT NULL AUTO_INCREMENT,
  `idnodo` int(11) DEFAULT NULL,
  `nombre` varchar(45) DEFAULT NULL,
  PRIMARY KEY (`idestacionamiento`),
  KEY `fk_estacionamiento_1` (`idnodo`)
) ENGINE=InnoDB DEFAULT CHARSET=latin1 AUTO_INCREMENT=1 ;

-- --------------------------------------------------------

--
-- Estructura de tabla para la tabla `login`
--

CREATE TABLE IF NOT EXISTS `login` (
  `idlogin` int(11) NOT NULL AUTO_INCREMENT,
  `user` varchar(45) DEFAULT NULL,
  `pass` varchar(45) DEFAULT NULL,
  PRIMARY KEY (`idlogin`)
) ENGINE=InnoDB DEFAULT CHARSET=latin1 AUTO_INCREMENT=1 ;

-- --------------------------------------------------------

--
-- Estructura de tabla para la tabla `logs`
--

CREATE TABLE IF NOT EXISTS `logs` (
  `idlogs` int(11) NOT NULL AUTO_INCREMENT,
  `logscol` varchar(45) DEFAULT NULL,
  PRIMARY KEY (`idlogs`)
) ENGINE=InnoDB DEFAULT CHARSET=latin1 AUTO_INCREMENT=1 ;

-- --------------------------------------------------------

--
-- Estructura de tabla para la tabla `marca`
--

CREATE TABLE IF NOT EXISTS `marca` (
  `idmarca` int(11) NOT NULL AUTO_INCREMENT,
  `nombre` varchar(45) DEFAULT NULL,
  PRIMARY KEY (`idmarca`)
) ENGINE=InnoDB  DEFAULT CHARSET=latin1 AUTO_INCREMENT=233 ;

--
-- Volcado de datos para la tabla `marca`
--

INSERT INTO `marca` (`idmarca`, `nombre`) VALUES
(1, 'Adidas'),
(2, 'Afrodita'),
(3, 'Alink'),
(4, 'Alo'),
(5, 'Amchi'),
(6, 'Anastassia'),
(7, 'Andrea Rosseti'),
(8, 'Aoc'),
(9, 'Arizona'),
(10, 'Arnette'),
(11, 'Artel'),
(12, 'Avent'),
(13, 'Azaleia'),
(14, 'Bamers'),
(15, 'Banco Condell'),
(16, 'Banco De Chile'),
(17, 'Banco Falabella'),
(18, 'Banco Nova'),
(19, 'Banco Paris'),
(20, 'Banco Ripley'),
(21, 'Banco Santiago Santander'),
(22, 'Bata'),
(23, 'Bbva'),
(24, 'Bci'),
(25, 'Belkiu'),
(26, 'Bellota'),
(27, 'Bh'),
(28, 'Biblioteca Viva'),
(29, 'Bic'),
(30, 'Billabong'),
(31, 'Biocure'),
(32, 'Black'),
(33, 'Black And Blue'),
(34, 'Bolle'),
(35, 'Borghi'),
(36, 'Bosh'),
(37, 'Boumex'),
(38, 'Bravíssimo'),
(39, 'Bresler'),
(40, 'Britax'),
(41, 'Brooks'),
(42, 'Bruno Rossi'),
(43, 'Bubble Gummers'),
(44, 'Burger King'),
(45, 'Caffarena'),
(46, 'Calvin Klein'),
(47, 'Cangaroos'),
(48, 'Cannon'),
(49, 'Capellini'),
(50, 'Carry'),
(51, 'Casa & Ideas'),
(52, 'Cat'),
(53, 'Chanel'),
(54, 'Chery'),
(55, 'Chevrolet'),
(56, 'Chia'),
(57, 'Chic'),
(58, 'Chicco'),
(59, 'Chilexpress'),
(60, 'Chinawok'),
(61, 'Cinemark'),
(62, 'Cluny'),
(63, 'Cmr'),
(64, 'Colgate'),
(65, 'Colloky'),
(66, 'Columbia'),
(67, 'Converse'),
(68, 'Corpbanca'),
(69, 'Correos Chile'),
(70, 'Credichile'),
(71, 'Cushe'),
(72, 'Cyr'),
(73, 'Daily One Gold'),
(74, 'Davison'),
(75, 'De Togni'),
(76, 'Disean'),
(77, 'Disney'),
(78, 'Do It'),
(79, 'Doggis'),
(80, 'Dyg'),
(81, 'E. Kovacs'),
(82, 'Elvive'),
(83, 'Equalit'),
(84, 'Europa'),
(85, 'Eurostil'),
(86, 'Fachas'),
(87, 'Fashion´S Park'),
(88, 'Ferouch'),
(89, 'Ficcus'),
(90, 'Fila'),
(91, 'Finger Paint'),
(92, 'Flores'),
(93, 'Fonasa'),
(94, 'Ford'),
(95, 'Forum'),
(96, 'Fritz'),
(97, 'Gacel'),
(98, 'Gema'),
(99, 'Genius'),
(100, 'Gizmobies'),
(101, 'Globopolis'),
(102, 'Gmo'),
(103, 'Guante'),
(104, 'Gucci'),
(105, 'Hafei'),
(106, 'Happyland'),
(107, 'Head'),
(108, 'Hering'),
(109, 'Home Factory'),
(110, 'Homecenter'),
(111, 'Hugo Boss'),
(112, 'Hush Puppies'),
(113, 'Hush Puppies Kids'),
(114, 'Hyundai'),
(115, 'Imagen'),
(116, 'Infanty'),
(117, 'Isdin'),
(118, 'Itau'),
(119, 'Jansport'),
(120, 'Joyas Barón'),
(121, 'Juan Maestro'),
(122, 'Kayser'),
(123, 'Kentucky Friend Chicken'),
(124, 'Kerastase'),
(125, 'Kia Carens'),
(126, 'Kia Morning'),
(127, 'Kia Rio 3'),
(128, 'Kia Rio 4'),
(129, 'Kia Rio 5'),
(130, 'Kit'),
(131, 'Konica'),
(132, 'La Roche Posa'),
(133, 'Laboratorio Chile'),
(134, 'Lady Ventury'),
(135, 'Lakine'),
(136, 'Lg'),
(137, 'Librería Antartica'),
(138, 'Limonada'),
(139, 'Loreal'),
(140, 'Mahindra Keeway'),
(141, 'Mamut'),
(142, 'Marquis'),
(143, 'Matthew'),
(144, 'Maui&Sons'),
(145, 'Maybelline'),
(146, 'Mazapán'),
(147, 'Mc Donald''s'),
(148, 'Mc Postres'),
(149, 'Medipharm'),
(150, 'Merrel'),
(151, 'Microsoft'),
(152, 'Mininas'),
(153, 'Mitre'),
(154, 'Moletto'),
(155, 'Monarch'),
(156, 'Monix'),
(157, 'Montini'),
(158, 'Neo Extension'),
(159, 'Nero'),
(160, 'Nextel'),
(161, 'Nike'),
(162, 'Ninbus'),
(163, 'Nissan'),
(164, 'Nivea'),
(165, 'North Star'),
(166, 'Opticas Schilling'),
(167, 'Osito'),
(168, 'Palumbo'),
(169, 'Panasonic'),
(170, 'Pandora'),
(171, 'Patuelli'),
(172, 'Pedro Juan & Diego'),
(173, 'Peluqueria Hair By Joaquin'),
(174, 'Pepe Jeans'),
(175, 'Pigeon'),
(176, 'Pizza Hut'),
(177, 'Place Vendome'),
(178, 'Platón'),
(179, 'Poeme'),
(180, 'Polish'),
(181, 'Poseidon'),
(182, 'Potros'),
(183, 'Power'),
(184, 'Pre-Unic'),
(185, 'Proarte'),
(186, 'Puma'),
(187, 'Ralph'),
(188, 'Ray Ban'),
(189, 'Redken'),
(190, 'Reebok'),
(191, 'Registro Civil'),
(192, 'Rotter & Krauss'),
(193, 'Rs Industrial'),
(194, 'Samsonite'),
(195, 'Samsung'),
(196, 'Santander Banefe'),
(197, 'Sara'),
(198, 'Savory'),
(199, 'Saxoline'),
(200, 'Schop Dog'),
(201, 'Secure'),
(202, 'Sencillito'),
(203, 'Sioux'),
(204, 'Skechers'),
(205, 'Sony'),
(206, 'Spit Fire'),
(207, 'Ssang Yong'),
(208, 'Stadler'),
(209, 'Suzuki Clerio'),
(210, 'Taco Bell'),
(211, 'Tarjeta Salco'),
(212, 'Tegmaph'),
(213, 'Telepizza'),
(214, 'Termofat'),
(215, 'Todo Piel'),
(216, 'Torre'),
(217, 'Toscani'),
(218, 'Toyota'),
(219, 'Triline'),
(220, 'Tronwell'),
(221, 'Vanks'),
(222, 'Vans'),
(223, 'Verioska'),
(224, 'Via Marte'),
(225, 'Via Rosmini'),
(226, 'Vitamin Life'),
(227, 'Vogue'),
(228, 'Volpantie'),
(229, 'Wado´S'),
(230, 'Xtrem'),
(231, 'Xurros'),
(232, 'Yogen Fruz');

-- --------------------------------------------------------

--
-- Estructura de tabla para la tabla `mensaje`
--

CREATE TABLE IF NOT EXISTS `mensaje` (
  `idMensaje` int(11) NOT NULL AUTO_INCREMENT,
  `nombreUsuario` varchar(100) DEFAULT NULL,
  `mailUsuario` varchar(100) DEFAULT NULL,
  `fonoContacto` varchar(100) DEFAULT NULL,
  `mensaje` text,
  `idSubMotivo` int(11) DEFAULT NULL,
  PRIMARY KEY (`idMensaje`),
  KEY `fk_mensaje_subMotivo` (`idSubMotivo`)
) ENGINE=InnoDB DEFAULT CHARSET=latin1 AUTO_INCREMENT=1 ;

-- --------------------------------------------------------

--
-- Estructura de tabla para la tabla `motivo`
--

CREATE TABLE IF NOT EXISTS `motivo` (
  `idMotivo` int(11) NOT NULL AUTO_INCREMENT,
  `nombreMotivo` varchar(100) DEFAULT NULL,
  `idSubCategoria` int(11) DEFAULT NULL,
  PRIMARY KEY (`idMotivo`),
  KEY `fk_motivo_subCategoria` (`idSubCategoria`)
) ENGINE=InnoDB DEFAULT CHARSET=latin1 AUTO_INCREMENT=1 ;

-- --------------------------------------------------------

--
-- Estructura de tabla para la tabla `nodos`
--

CREATE TABLE IF NOT EXISTS `nodos` (
  `idnodo` int(11) NOT NULL AUTO_INCREMENT,
  `idcambiadorPiso` int(11) DEFAULT NULL,
  `ubicacionx` varchar(45) NOT NULL,
  `ubicaciony` varchar(45) NOT NULL,
  `piso` varchar(45) NOT NULL,
  `vecino1` int(11) DEFAULT NULL,
  `vecino2` int(11) DEFAULT NULL,
  `vecino3` int(11) DEFAULT NULL,
  `vecino4` int(11) DEFAULT NULL,
  `coordenadaReal` varchar(45) NOT NULL,
  PRIMARY KEY (`idnodo`),
  KEY `fk_nodos_1` (`idcambiadorPiso`)
) ENGINE=InnoDB  DEFAULT CHARSET=latin1 AUTO_INCREMENT=247 ;

--
-- Volcado de datos para la tabla `nodos`
--

INSERT INTO `nodos` (`idnodo`, `idcambiadorPiso`, `ubicacionx`, `ubicaciony`, `piso`, `vecino1`, `vecino2`, `vecino3`, `vecino4`, `coordenadaReal`) VALUES
(1, NULL, '114', '16', '1', 0, 0, 0, 0, '114_16'),
(2, NULL, '97', '16', '1', 0, 0, 0, 0, '97_16'),
(3, NULL, '83', '26', '1', 0, 0, 0, 0, '83_26'),
(4, NULL, '103', '38', '1', 0, 0, 0, 0, '103_38'),
(5, NULL, '103', '42', '1', 0, 0, 0, 0, '103_42'),
(6, NULL, '86', '35', '1', 0, 0, 0, 0, '86_35'),
(7, NULL, '103', '46', '1', 0, 0, 0, 0, '103_46'),
(8, NULL, '103', '50', '1', 0, 0, 0, 0, '103_50'),
(9, NULL, '103', '58', '1', 0, 0, 0, 0, '103_58'),
(10, NULL, '83', '59', '1', 0, 0, 0, 0, '83_59'),
(11, NULL, '103', '62', '1', 0, 0, 0, 0, '103_62'),
(12, NULL, '102', '70', '1', 0, 0, 0, 0, '102_70'),
(13, NULL, '97', '71', '1', 0, 0, 0, 0, '97_71'),
(14, NULL, '93', '71', '1', 0, 0, 0, 0, '93_71'),
(15, NULL, '90', '70', '1', 0, 0, 0, 0, '90_70'),
(16, NULL, '89', '70', '1', 0, 0, 0, 0, '89_70'),
(17, NULL, '87', '69', '1', 0, 0, 0, 0, '87_69'),
(18, NULL, '85', '69', '1', 0, 0, 0, 0, '85_69'),
(19, NULL, '82', '68', '1', 0, 0, 0, 0, '82_68'),
(20, NULL, '78', '67', '1', 0, 0, 0, 0, '78_67'),
(21, NULL, '75', '66', '1', 0, 0, 0, 0, '75_66'),
(22, NULL, '74', '64', '1', 0, 0, 0, 0, '74_64'),
(23, NULL, '72', '62', '1', 0, 0, 0, 0, '72_62'),
(24, NULL, '69', '42', '1', 0, 0, 0, 0, '69_42'),
(25, NULL, '67', '61', '1', 0, 0, 0, 0, '67_61'),
(26, NULL, '31', '27', '1', 0, 0, 0, 0, '31_27'),
(27, NULL, '28', '31', '1', 0, 0, 0, 0, '28_31'),
(28, NULL, '22', '50', '1', 0, 0, 0, 0, '22_50'),
(29, NULL, '21', '54', '1', 0, 0, 0, 0, '21_54'),
(30, NULL, '69', '67', '1', 0, 0, 0, 0, '69_67'),
(31, NULL, '36', '69', '1', 0, 0, 0, 0, '36_69'),
(32, NULL, '27', '74', '1', 0, 0, 0, 0, '27_74'),
(33, NULL, '20', '94', '1', 0, 0, 0, 0, '20_94'),
(34, NULL, '53', '127', '1', 0, 0, 0, 0, '53_127'),
(35, NULL, '41', '73', '1', 0, 0, 0, 0, '41_73'),
(36, NULL, '44', '74', '1', 0, 0, 0, 0, '44_74'),
(37, NULL, '48', '76', '1', 0, 0, 0, 0, '48_76'),
(38, NULL, '51', '78', '1', 0, 0, 0, 0, '51_78'),
(39, NULL, '54', '79', '1', 0, 0, 0, 0, '54_79'),
(40, NULL, '58', '82', '1', 0, 0, 0, 0, '58_82'),
(41, NULL, '60', '78', '1', 0, 0, 0, 0, '60_78'),
(42, NULL, '64', '75', '1', 0, 0, 0, 0, '64_75'),
(43, NULL, '67', '70', '1', 0, 0, 0, 0, '67_70'),
(44, NULL, '64', '82', '1', 0, 0, 0, 0, '64_82'),
(45, NULL, '92', '88', '1', 0, 0, 0, 0, '92_88'),
(46, NULL, '71', '69', '1', 0, 0, 0, 0, '71_69'),
(47, NULL, '77', '70', '1', 0, 0, 0, 0, '77_70'),
(48, NULL, '79', '71', '1', 0, 0, 0, 0, '79_71'),
(49, NULL, '82', '72', '1', 0, 0, 0, 0, '82_72'),
(50, NULL, '86', '73', '1', 0, 0, 0, 0, '86_73'),
(51, NULL, '90', '74', '1', 0, 0, 0, 0, '90_74'),
(52, NULL, '93', '74', '1', 0, 0, 0, 0, '93_74'),
(53, NULL, '97', '75', '1', 0, 0, 0, 0, '97_75'),
(54, NULL, '103', '84', '1', 0, 0, 0, 0, '103_84'),
(55, NULL, '124', '94', '1', 0, 0, 0, 0, '124_94'),
(56, NULL, '124', '94', '1', 0, 0, 0, 0, '124_94'),
(57, NULL, '123', '88', '1', 0, 0, 0, 0, '123_88'),
(58, NULL, '112', '85', '1', 0, 0, 0, 0, '112_85'),
(59, NULL, '109', '77', '1', 0, 0, 0, 0, '109_77'),
(60, NULL, '113', '74', '1', 0, 0, 0, 0, '113_74'),
(61, NULL, '118', '74', '1', 0, 0, 0, 0, '118_74'),
(62, NULL, '122', '73', '1', 0, 0, 0, 0, '122_73'),
(63, NULL, '124', '73', '1', 0, 0, 0, 0, '124_73'),
(64, NULL, '126', '72', '1', 0, 0, 0, 0, '126_72'),
(65, NULL, '129', '71', '1', 0, 0, 0, 0, '129_71'),
(66, NULL, '129', '89', '1', 0, 0, 0, 0, '129_89'),
(67, NULL, '135', '88', '1', 0, 0, 0, 0, '135_88'),
(68, NULL, '133', '70', '1', 0, 0, 0, 0, '133_70'),
(69, NULL, '138', '87', '1', 0, 0, 0, 0, '138_87'),
(70, NULL, '143', '85', '1', 0, 0, 0, 0, '143_85'),
(71, NULL, '140', '69', '1', 0, 0, 0, 0, '140_69'),
(72, NULL, '146', '84', '1', 0, 0, 0, 0, '146_84'),
(73, NULL, '142', '68', '1', 0, 0, 0, 0, '142_68'),
(74, NULL, '149', '82', '1', 0, 0, 0, 0, '149_82'),
(75, NULL, '145', '67', '1', 0, 0, 0, 0, '145_67'),
(76, NULL, '153', '80', '1', 0, 0, 0, 0, '153_80'),
(77, NULL, '151', '61', '1', 0, 0, 0, 0, '151_61'),
(78, NULL, '155', '59', '1', 0, 0, 0, 0, '155_59'),
(79, NULL, '162', '55', '1', 0, 0, 0, 0, '162_55'),
(80, NULL, '154', '71', '1', 0, 0, 0, 0, '154_71'),
(81, NULL, '162', '76', '1', 0, 0, 0, 0, '0162_76'),
(82, NULL, '163', '82', '1', 0, 0, 0, 0, '163_82'),
(83, NULL, '168', '92', '1', 0, 0, 0, 0, '168_92'),
(84, NULL, '201', '109', '1', 0, 0, 0, 0, '201_109'),
(85, NULL, '202', '103', '1', 0, 0, 0, 0, '202_103'),
(86, NULL, '203', '99', '1', 0, 0, 0, 0, '203_99'),
(87, NULL, '203', '97', '1', 0, 0, 0, 0, '203_97'),
(88, NULL, '203', '93', '1', 0, 0, 0, 0, '203_93'),
(89, NULL, '202', '85', '1', 0, 0, 0, 0, '202_85'),
(90, NULL, '201', '80', '1', 0, 0, 0, 0, '201_80'),
(91, NULL, '200', '73', '1', 0, 0, 0, 0, '200_73'),
(92, NULL, '210', '71', '1', 0, 0, 0, 0, '210_71'),
(93, NULL, '219', '67', '1', 0, 0, 0, 0, '219_67'),
(94, NULL, '200', '67', '1', 0, 0, 0, 0, '200_67'),
(95, NULL, '210', '68', '1', 0, 0, 0, 0, '210_68'),
(96, NULL, '214', '66', '1', 0, 0, 0, 0, '214_66'),
(97, NULL, '211', '57', '1', 0, 0, 0, 0, '211_57'),
(98, NULL, '219', '59', '1', 0, 0, 0, 0, '219_59'),
(99, NULL, '198', '53', '1', 0, 0, 0, 0, '198_53'),
(100, NULL, '196', '47', '1', 0, 0, 0, 0, '196_47'),
(101, NULL, '193', '40', '1', 0, 0, 0, 0, '193_40'),
(102, NULL, '190', '33', '1', 0, 0, 0, 0, '190_33'),
(103, NULL, '185', '23', '1', 0, 0, 0, 0, '185_23'),
(104, NULL, '181', '15', '1', 0, 0, 0, 0, '181_15'),
(105, NULL, '178', '9', '1', 0, 0, 0, 0, '178_9'),
(106, NULL, '127', '23', '1', 0, 0, 0, 0, '127_23'),
(107, NULL, '130', '21', '1', 0, 0, 0, 0, '130_21'),
(108, NULL, '133', '20', '1', 0, 0, 0, 0, '133_20'),
(109, NULL, '138', '17', '1', 0, 0, 0, 0, '138_17'),
(110, NULL, '141', '15', '1', 0, 0, 0, 0, '141_15'),
(111, NULL, '147', '13', '1', 0, 0, 0, 0, '147_13'),
(112, NULL, '154', '16', '1', 0, 0, 0, 0, '154_16'),
(113, NULL, '157', '21', '1', 0, 0, 0, 0, '157_21'),
(114, NULL, '159', '24', '1', 0, 0, 0, 0, '159_24'),
(115, NULL, '161', '28', '1', 0, 0, 0, 0, '161_28'),
(116, NULL, '163', '31', '1', 0, 0, 0, 0, '163_31'),
(117, NULL, '165', '35', '1', 0, 0, 0, 0, '165_35'),
(118, NULL, '152', '14', '1', 0, 0, 0, 0, '152_14'),
(119, NULL, '165', '47', '1', 0, 0, 0, 0, '165_47'),
(120, NULL, '162', '51', '1', 0, 0, 0, 0, '162_51'),
(121, NULL, '158', '53', '1', 0, 0, 0, 0, '158_53'),
(122, NULL, '154', '55', '1', 0, 0, 0, 0, '154_55'),
(123, NULL, '149', '53', '1', 0, 0, 0, 0, '149_53'),
(124, NULL, '148', '59', '1', 0, 0, 0, 0, '148_59'),
(125, NULL, '141', '62', '1', 0, 0, 0, 0, '141_62'),
(126, NULL, '137', '63', '1', 0, 0, 0, 0, '137_63'),
(127, NULL, '136', '64', '1', 0, 0, 0, 0, '136_64'),
(128, NULL, '134', '66', '1', 0, 0, 0, 0, '134_66'),
(129, NULL, '132', '67', '1', 0, 0, 0, 0, '132_67'),
(130, NULL, '128', '68', '1', 0, 0, 0, 0, '128_68'),
(131, NULL, '126', '69', '1', 0, 0, 0, 0, '126_69'),
(132, NULL, '123', '69', '1', 0, 0, 0, 0, '123_69'),
(133, NULL, '120', '70', '1', 0, 0, 0, 0, '120_70'),
(134, NULL, '118', '70', '1', 0, 0, 0, 0, '118_70'),
(135, NULL, '116', '71', '1', 0, 0, 0, 0, '116_71'),
(136, NULL, '114', '71', '1', 0, 0, 0, 0, '114_71'),
(137, NULL, '109', '69', '1', 0, 0, 0, 0, '109_69'),
(138, NULL, '107', '62', '1', 0, 0, 0, 0, '107_62'),
(139, NULL, '107', '55', '1', 0, 0, 0, 0, '107_55'),
(140, NULL, '107', '50', '1', 0, 0, 0, 0, '107_50'),
(141, NULL, '107', '46', '1', 0, 0, 0, 0, '107_46'),
(142, NULL, '125', '44', '1', 0, 0, 0, 0, '125_44'),
(143, NULL, '107', '42', '1', 0, 0, 0, 0, '107_42'),
(144, NULL, '118', '31', '1', 0, 0, 0, 0, '118_31'),
(145, NULL, '120', '30', '1', 0, 0, 0, 0, '120_30'),
(146, NULL, '108', '34', '1', 0, 0, 0, 0, '108_34'),
(147, NULL, '105', '81', '2', 0, 0, 0, 0, '105_81'),
(148, NULL, '102', '78', '2', 0, 0, 0, 0, '102_78'),
(149, NULL, '97', '76', '2', 0, 0, 0, 0, '97_76'),
(150, NULL, '93', '76', '2', 0, 0, 0, 0, '93_76'),
(151, NULL, '88', '75', '2', 0, 0, 0, 0, '88_75'),
(152, NULL, '85', '79', '2', 0, 0, 0, 0, '85_79'),
(153, NULL, '81', '73', '2', 0, 0, 0, 0, '81_73'),
(154, NULL, '79', '73', '2', 0, 0, 0, 0, '79_73'),
(155, NULL, '76', '72', '2', 0, 0, 0, 0, '76_72'),
(156, NULL, '72', '70', '2', 0, 0, 0, 0, '72_70'),
(157, NULL, '68', '68', '2', 0, 0, 0, 0, '68_68'),
(158, NULL, '66', '67', '2', 0, 0, 0, 0, '66_67'),
(159, NULL, '64', '55', '2', 0, 0, 0, 0, '64_55'),
(160, NULL, '67', '61', '2', 0, 0, 0, 0, '67_61'),
(161, NULL, '75', '57', '2', 0, 0, 0, 0, '75_57'),
(162, NULL, '72', '62', '2', 0, 0, 0, 0, '72_62'),
(163, NULL, '74', '63', '2', 0, 0, 0, 0, '74_63'),
(164, NULL, '76', '64', '2', 0, 0, 0, 0, '76_64'),
(165, NULL, '79', '65', '2', 0, 0, 0, 0, '79_65'),
(166, NULL, '86', '67', '2', 0, 0, 0, 0, '86_67'),
(167, NULL, '90', '68', '2', 0, 0, 0, 0, '90_68'),
(168, NULL, '93', '68', '2', 0, 0, 0, 0, '93_68'),
(169, NULL, '97', '69', '2', 0, 0, 0, 0, '97_69'),
(170, NULL, '95', '61', '2', 0, 0, 0, 0, '95_61'),
(171, NULL, '95', '58', '2', 0, 0, 0, 0, '95_58'),
(172, NULL, '96', '53', '2', 0, 0, 0, 0, '96_53'),
(173, NULL, '97', '49', '2', 0, 0, 0, 0, '97_49'),
(174, NULL, '97', '45', '2', 0, 0, 0, 0, '97_45'),
(175, NULL, '0', '0', '0', 0, 0, 0, 0, '0_0'),
(176, NULL, '98', '37', '2', 0, 0, 0, 0, '98_37'),
(177, NULL, '0', '0', '0', 0, 0, 0, 0, '0_0'),
(178, NULL, '88', '53', '2', 0, 0, 0, 0, '88_53'),
(179, NULL, '112', '39', '2', 0, 0, 0, 0, '112_39'),
(180, NULL, '111', '36', '2', 0, 0, 0, 0, '111_36'),
(181, NULL, '112', '42', '2', 0, 0, 0, 0, '112_42'),
(182, NULL, '113', '45', '2', 0, 0, 0, 0, '113_45'),
(183, NULL, '113', '48', '2', 0, 0, 0, 0, '113_48'),
(184, NULL, '114', '53', '2', 0, 0, 0, 0, '114_53'),
(185, NULL, '115', '57', '2', 0, 0, 0, 0, '115_57'),
(186, NULL, '115', '60', '2', 0, 0, 0, 0, '115_60'),
(187, NULL, '115', '69', '2', 0, 0, 0, 0, '115_69'),
(188, NULL, '120', '68', '2', 0, 0, 0, 0, '120_68'),
(189, NULL, '124', '67', '2', 0, 0, 0, 0, '124_67'),
(190, NULL, '127', '66', '2', 0, 0, 0, 0, '127_66'),
(191, NULL, '129', '66', '2', 0, 0, 0, 0, '129_66'),
(192, NULL, '131', '65', '2', 0, 0, 0, 0, '131_65'),
(193, NULL, '135', '63', '2', 0, 0, 0, 0, '135_63'),
(194, NULL, '137', '62', '2', 0, 0, 0, 0, '137_62'),
(195, NULL, '142', '60', '2', 0, 0, 0, 0, '142_60'),
(196, NULL, '145', '58', '2', 0, 0, 0, 0, '145_58'),
(197, NULL, '150', '55', '2', 0, 0, 0, 0, '150_55'),
(198, NULL, '154', '53', '2', 0, 0, 0, 0, '154_53'),
(199, NULL, '157', '51', '2', 0, 0, 0, 0, '157_51'),
(200, NULL, '161', '49', '2', 0, 0, 0, 0, '161_49'),
(201, NULL, '166', '46', '2', 0, 0, 0, 0, '166_46'),
(202, NULL, '175', '49', '2', 0, 0, 0, 0, '175_49'),
(203, NULL, '169', '53', '2', 0, 0, 0, 0, '169_53'),
(204, NULL, '164', '56', '2', 0, 0, 0, 0, '164_56'),
(205, NULL, '1362', '57', '2', 0, 0, 0, 0, '1362_57'),
(206, NULL, '157', '60', '2', 0, 0, 0, 0, '157_60'),
(207, NULL, '153', '63', '2', 0, 0, 0, 0, '153_63'),
(208, NULL, '156', '73', '2', 0, 0, 0, 0, '156_73'),
(209, NULL, '151', '80', '2', 0, 0, 0, 0, '151_80'),
(210, NULL, '145', '67', '2', 0, 0, 0, 0, '145_67'),
(211, NULL, '141', '69', '2', 0, 0, 0, 0, '141_69'),
(212, NULL, '147', '82', '2', 0, 0, 0, 0, '147_82'),
(213, NULL, '138', '70', '2', 0, 0, 0, 0, '138_70'),
(214, NULL, '142', '84', '2', 0, 0, 0, 0, '142_84'),
(215, NULL, '127', '87', '2', 0, 0, 0, 0, '127_87'),
(216, NULL, '111', '84', '2', 0, 0, 0, 0, '111_84'),
(217, NULL, '113', '90', '2', 0, 0, 0, 0, '113_90'),
(218, NULL, '108', '78', '2', 0, 0, 0, 0, '108_78'),
(219, NULL, '113', '76', '2', 0, 0, 0, 0, '113_76'),
(220, NULL, '118', '76', '2', 0, 0, 0, 0, '118_76'),
(221, NULL, '121', '75', '2', 0, 0, 0, 0, '121_75'),
(222, NULL, '125', '74', '2', 0, 0, 0, 0, '125_74'),
(223, NULL, '129', '73', '2', 0, 0, 0, 0, '129_73'),
(224, NULL, '131', '73', '2', 0, 0, 0, 0, '131_73'),
(225, NULL, '133', '72', '2', 0, 0, 0, 0, '133_72'),
(226, 1, '75', '59', '1', 0, 0, 0, 0, '75_59'),
(227, 2, '99', '73', '1', 0, 0, 0, 0, '99_73'),
(228, 3, '105', '76', '1', 0, 0, 0, 0, '105_76'),
(229, 4, '111', '73', '1', 0, 0, 0, 0, '111_73'),
(230, 5, '116', '90', '1', 0, 0, 0, 0, '116_90'),
(231, 6, '135', '58', '1', 0, 0, 0, 0, '135_58'),
(232, 7, '174', '43', '1', 0, 0, 0, 0, '174_43'),
(233, 8, '176', '42', '1', 0, 0, 0, 0, '176_42'),
(234, 9, '115', '31', '1', 0, 0, 0, 0, '115_31'),
(235, 10, '70', '58', '1', 0, 0, 0, 0, '70_58'),
(236, 11, '75', '59', '2', 0, 0, 0, 0, '75_59'),
(237, 12, '99', '73', '2', 0, 0, 0, 0, '99_73'),
(238, 13, '105', '76', '2', 0, 0, 0, 0, '105_76'),
(239, 14, '111', '73', '2', 0, 0, 0, 0, '111_73'),
(240, 15, '116', '90', '2', 0, 0, 0, 0, '116_90'),
(241, 16, '135', '58', '2', 0, 0, 0, 0, '135_58'),
(242, 17, '174', '43', '2', 0, 0, 0, 0, '174_43'),
(243, 18, '176', '42', '2', 0, 0, 0, 0, '176_42'),
(244, 19, '115', '31', '2', 0, 0, 0, 0, '115_31'),
(245, 20, '70', '58', '2', 0, 0, 0, 0, '70_58'),
(246, NULL, '105', '72', '1', 0, 0, 0, 0, '105_72');

-- --------------------------------------------------------

--
-- Estructura de tabla para la tabla `oferta`
--

CREATE TABLE IF NOT EXISTS `oferta` (
  `idoferta` int(11) NOT NULL AUTO_INCREMENT,
  `nombre` varchar(45) DEFAULT NULL,
  `oferta` text,
  `stock` int(11) DEFAULT NULL,
  `idtienda` int(11) DEFAULT NULL,
  PRIMARY KEY (`idoferta`),
  KEY `fk_of_idtienda` (`idtienda`)
) ENGINE=InnoDB DEFAULT CHARSET=latin1 AUTO_INCREMENT=1 ;

-- --------------------------------------------------------

--
-- Estructura de tabla para la tabla `perfilusuario`
--

CREATE TABLE IF NOT EXISTS `perfilusuario` (
  `idPerfilUsuario` int(11) NOT NULL AUTO_INCREMENT COMMENT 'identificador',
  `id_usuario` int(11) NOT NULL COMMENT 'id del usuario para vincular registro',
  `modulo` varchar(30) NOT NULL COMMENT 'nombre de funcionalidad o modulo',
  `credencial` tinyint(4) NOT NULL COMMENT 'estado, denegado o autorizado',
  PRIMARY KEY (`idPerfilUsuario`),
  UNIQUE KEY `id_usuario` (`id_usuario`,`modulo`),
  KEY `fk_perfilUsuario_usuario1` (`id_usuario`)
) ENGINE=MyISAM DEFAULT CHARSET=latin1 AUTO_INCREMENT=1 ;

-- --------------------------------------------------------

--
-- Estructura de tabla para la tabla `producto`
--

CREATE TABLE IF NOT EXISTS `producto` (
  `idproducto` int(11) NOT NULL AUTO_INCREMENT,
  `nombre` varchar(45) DEFAULT NULL,
  `genero` varchar(45) NOT NULL,
  `tipo` varchar(45) NOT NULL,
  PRIMARY KEY (`idproducto`)
) ENGINE=InnoDB  DEFAULT CHARSET=latin1 AUTO_INCREMENT=256 ;

--
-- Volcado de datos para la tabla `producto`
--

INSERT INTO `producto` (`idproducto`, `nombre`, `genero`, `tipo`) VALUES
(1, 'Zapatillas', 'NULL', 'NULL'),
(2, 'Buzos', 'NULL', 'NULL'),
(3, 'Polerones', 'NULL', 'NULL'),
(4, 'Bolsos', 'NULL', 'NULL'),
(5, 'Anteojos De Sol', 'NULL', 'NULL'),
(6, 'Jockey', 'NULL', 'NULL'),
(7, 'Calzados', 'NULL', 'NULL'),
(8, 'Carteras', 'NULL', 'NULL'),
(9, 'Accesorios', 'NULL', 'NULL'),
(10, 'Calcetas', 'NULL', 'NULL'),
(11, 'Cunas', 'NULL', 'NULL'),
(12, 'Coches', 'NULL', 'NULL'),
(13, 'Sillas Para Auto', 'NULL', 'NULL'),
(14, 'Ropa Cama', 'NULL', 'NULL'),
(15, 'Sillas De Comer', 'NULL', 'NULL'),
(16, 'Ropa Infantil', 'NULL', 'NULL'),
(17, 'Mesedoras', 'NULL', 'NULL'),
(18, 'Sandalias', 'NULL', 'NULL'),
(19, 'Cuentas Corrientes', 'NULL', 'NULL'),
(20, 'Cuentas Vista', 'NULL', 'NULL'),
(21, 'Cuentas De Ahorro', 'NULL', 'NULL'),
(22, 'Creditos', 'NULL', 'NULL'),
(23, 'Seguros', 'NULL', 'NULL'),
(24, 'Zapatos De Vestir', 'NULL', 'NULL'),
(25, 'Hawuallanas', 'NULL', 'NULL'),
(26, 'Calcetines', 'NULL', 'NULL'),
(27, 'Pantalones De Vestir', 'NULL', 'NULL'),
(28, 'Cinturon', 'NULL', 'NULL'),
(29, 'Sweaters', 'NULL', 'NULL'),
(30, 'Chaquetas', 'NULL', 'NULL'),
(31, 'Camisas', 'NULL', 'NULL'),
(32, 'Balones', 'NULL', 'NULL'),
(33, 'Poleras Deportivas', 'NULL', 'NULL'),
(34, 'Prestamo De Libros E Internet', 'NULL', 'NULL'),
(35, 'Cuentos', 'NULL', 'NULL'),
(36, 'Enciclopedia', 'NULL', 'NULL'),
(37, 'Diccionarios', 'NULL', 'NULL'),
(38, 'Libros Entretenimiento', 'NULL', 'NULL'),
(39, 'Literatura General', 'NULL', 'NULL'),
(40, 'Jeans', 'NULL', 'NULL'),
(41, 'Mochilas', 'NULL', 'NULL'),
(42, 'Poleras', 'NULL', 'NULL'),
(43, 'Gorros', 'NULL', 'NULL'),
(44, 'Recien Nacidos', 'NULL', 'NULL'),
(45, 'Ositos', 'NULL', 'NULL'),
(46, 'Chalecos', 'NULL', 'NULL'),
(47, 'Shorts', 'NULL', 'NULL'),
(48, 'Billeteras', 'NULL', 'NULL'),
(49, 'Anteojos', 'NULL', 'NULL'),
(50, 'Café', 'NULL', 'NULL'),
(51, 'Jugos', 'NULL', 'NULL'),
(52, 'Pasteleria', 'NULL', 'NULL'),
(53, 'Helados', 'NULL', 'NULL'),
(54, 'Platos Preparados', 'NULL', 'NULL'),
(55, 'Zapatillas Niño', 'NULL', 'NULL'),
(56, 'Zapatillas Niñas', 'NULL', 'NULL'),
(57, 'Zapatillas Deportivas', 'NULL', 'NULL'),
(58, 'Zapatillas Primeros Pasos', 'NULL', 'NULL'),
(59, 'Hambuerguesas', 'NULL', 'NULL'),
(60, 'Empanadas', 'NULL', 'NULL'),
(61, 'Bebidas', 'NULL', 'NULL'),
(62, 'Papas Fritas', 'NULL', 'NULL'),
(63, 'Zapatos', 'NULL', 'NULL'),
(64, 'Botas', 'NULL', 'NULL'),
(65, 'Fuentes De Poder', 'NULL', 'NULL'),
(66, 'Amplificadores', 'NULL', 'NULL'),
(67, 'Mouse', 'NULL', 'NULL'),
(68, 'Cables', 'NULL', 'NULL'),
(69, 'Pantys', 'NULL', 'NULL'),
(70, 'Sostenes', 'NULL', 'NULL'),
(71, 'Camisetas', 'NULL', 'NULL'),
(72, 'Pijamas', 'NULL', 'NULL'),
(73, 'Plumones', 'NULL', 'NULL'),
(74, 'Sabanas', 'NULL', 'NULL'),
(75, 'Toallas', 'NULL', 'NULL'),
(76, 'Cojines', 'NULL', 'NULL'),
(77, 'Radios', 'NULL', 'NULL'),
(78, 'Parlantes', 'NULL', 'NULL'),
(79, 'Articulos Limpieza Autos', 'NULL', 'NULL'),
(80, 'Loza', 'NULL', 'NULL'),
(81, 'Vehiculos Nuevos', 'NULL', 'NULL'),
(82, 'Servicios De Recaudacion', 'NULL', 'NULL'),
(83, 'Valijas', 'NULL', 'NULL'),
(84, 'Giros', 'NULL', 'NULL'),
(85, 'Pagos De Cuentas', 'NULL', 'NULL'),
(86, 'Carne Mongoliana', 'NULL', 'NULL'),
(87, 'Chapsui De Pollo', 'NULL', 'NULL'),
(88, 'Arrollados', 'NULL', 'NULL'),
(89, 'Wantan', 'NULL', 'NULL'),
(90, 'Peliculas 35 Mm', 'NULL', 'NULL'),
(91, 'Formatos Digitales', 'NULL', 'NULL'),
(92, '3d', 'NULL', 'NULL'),
(93, 'Vestuario', 'NULL', 'NULL'),
(94, 'Encomiendas', 'NULL', 'NULL'),
(95, 'Recibo Y Envio De Dinero', 'NULL', 'NULL'),
(96, 'Correspondencia', 'NULL', 'NULL'),
(97, 'Calzado Nacional', 'NULL', 'NULL'),
(98, 'Peluches', 'NULL', 'NULL'),
(99, 'Relojes', 'NULL', 'NULL'),
(100, 'Lapiceria', 'NULL', 'NULL'),
(101, 'Aros', 'NULL', 'NULL'),
(102, 'Anillos', 'NULL', 'NULL'),
(103, 'Completos', 'NULL', 'NULL'),
(104, 'Salchipapas', 'NULL', 'NULL'),
(105, 'Vestidos', 'NULL', 'NULL'),
(106, 'Blusas', 'NULL', 'NULL'),
(107, 'Electronica', 'NULL', 'NULL'),
(108, 'Menaje', 'NULL', 'NULL'),
(109, 'Deporte', 'NULL', 'NULL'),
(110, 'Jugueteria', 'NULL', 'NULL'),
(111, 'Cremas', 'NULL', 'NULL'),
(112, 'Medicamentos', 'NULL', 'NULL'),
(113, 'Vitaminas', 'NULL', 'NULL'),
(114, 'Cuidado Personal', 'NULL', 'NULL'),
(115, 'Pañales', 'NULL', 'NULL'),
(116, 'Leche', 'NULL', 'NULL'),
(117, 'Productos Maternales', 'NULL', 'NULL'),
(118, 'Insumos', 'NULL', 'NULL'),
(119, 'Faldas', 'NULL', 'NULL'),
(120, 'Pantalones', 'NULL', 'NULL'),
(121, 'Casacas', 'NULL', 'NULL'),
(122, 'Bermudas', 'NULL', 'NULL'),
(123, 'Trajes De Baño', 'NULL', 'NULL'),
(124, 'Botines', 'NULL', 'NULL'),
(125, 'Calzado De Fiesta', 'NULL', 'NULL'),
(126, 'Calzado Formal', 'NULL', 'NULL'),
(127, 'Plantillas', 'NULL', 'NULL'),
(128, 'Pañales De Tela', 'NULL', 'NULL'),
(129, 'Credito Convencional', 'NULL', 'NULL'),
(130, 'Compra Inteligente', 'NULL', 'NULL'),
(131, 'Leasing', 'NULL', 'NULL'),
(132, 'Calzon', 'NULL', 'NULL'),
(133, 'Reductoras', 'NULL', 'NULL'),
(134, 'Pantaleta', 'NULL', 'NULL'),
(135, 'Automoviles', 'NULL', 'NULL'),
(136, 'Camionetas', 'NULL', 'NULL'),
(137, 'Venta De Bonos', 'NULL', 'NULL'),
(138, 'Cervezas', 'NULL', 'NULL'),
(139, 'Churrascos', 'NULL', 'NULL'),
(140, 'Pantalones De Trekking', 'NULL', 'NULL'),
(141, 'Zapatillas Running', 'NULL', 'NULL'),
(142, 'Softshell Impermeable', 'NULL', 'NULL'),
(143, 'Gacel', 'NULL', 'NULL'),
(144, 'Chalas', 'NULL', 'NULL'),
(145, 'Ropa Interior Femenina', 'NULL', 'NULL'),
(146, 'Carcazas', 'NULL', 'NULL'),
(147, 'Micas', 'NULL', 'NULL'),
(148, 'Skins', 'NULL', 'NULL'),
(149, 'Globos', 'NULL', 'NULL'),
(150, 'Tazones', 'NULL', 'NULL'),
(151, 'Lavado De Vehiculos', 'NULL', 'NULL'),
(152, 'Bolsos De Cuero', 'NULL', 'NULL'),
(153, 'Cordones', 'NULL', 'NULL'),
(154, 'Juegos Infantiles', 'NULL', 'NULL'),
(155, 'Fichas Juego', 'NULL', 'NULL'),
(156, 'Premios', 'NULL', 'NULL'),
(157, 'Construcción', 'NULL', 'NULL'),
(158, 'Hogar', 'NULL', 'NULL'),
(159, 'Decoracion', 'NULL', 'NULL'),
(160, 'Cobertores', 'NULL', 'NULL'),
(161, 'Zapato Hombre', 'NULL', 'NULL'),
(162, 'Zapato Mujer', 'NULL', 'NULL'),
(163, 'Atenciones Médicas', 'NULL', 'NULL'),
(164, 'Exámenes', 'NULL', 'NULL'),
(165, 'Dentistas', 'NULL', 'NULL'),
(166, 'Voleros', 'NULL', 'NULL'),
(167, 'Calzas', 'NULL', 'NULL'),
(168, 'Extensiones', 'NULL', 'NULL'),
(169, 'Cepillos', 'NULL', 'NULL'),
(170, 'Alisadoras', 'NULL', 'NULL'),
(171, 'Shampoo', 'NULL', 'NULL'),
(172, 'Pendientes', 'NULL', 'NULL'),
(173, 'Prendedores', 'NULL', 'NULL'),
(174, 'Pulseras', 'NULL', 'NULL'),
(175, 'Sandwich', 'NULL', 'NULL'),
(176, 'Ensaladas', 'NULL', 'NULL'),
(177, 'Boxer', 'NULL', 'NULL'),
(178, 'Sosten Calzon', 'NULL', 'NULL'),
(179, 'Pollo Frito', 'NULL', 'NULL'),
(180, 'Repuestos', 'NULL', 'NULL'),
(181, 'Diagnostico De Autos', 'NULL', 'NULL'),
(182, 'Camaras', 'NULL', 'NULL'),
(183, 'Lentes', 'NULL', 'NULL'),
(184, 'Marcos', 'NULL', 'NULL'),
(185, 'Impresiones Fotograficas', 'NULL', 'NULL'),
(186, 'Libros', 'NULL', 'NULL'),
(187, 'Tintas Impresora', 'NULL', 'NULL'),
(188, 'Bastidores', 'NULL', 'NULL'),
(189, 'Cuadernos', 'NULL', 'NULL'),
(190, 'Cuadernillos', 'NULL', 'NULL'),
(191, 'Cartones', 'NULL', 'NULL'),
(192, 'Papeles', 'NULL', 'NULL'),
(193, 'Resma', 'NULL', 'NULL'),
(194, 'Lapices', 'NULL', 'NULL'),
(195, 'Carpetas', 'NULL', 'NULL'),
(196, 'Cintas Adhesivas', 'NULL', 'NULL'),
(197, 'Sombrillas', 'NULL', 'NULL'),
(198, 'Maquillaje', 'NULL', 'NULL'),
(199, 'Perfumes', 'NULL', 'NULL'),
(200, 'Tratamiento Capilar', 'NULL', 'NULL'),
(201, 'Carnes', 'NULL', 'NULL'),
(202, 'Tablas Para Picar', 'NULL', 'NULL'),
(203, 'Jugos Naturales', 'NULL', 'NULL'),
(204, 'Tragos', 'NULL', 'NULL'),
(205, 'Cigarros', 'NULL', 'NULL'),
(206, 'Dulces', 'NULL', 'NULL'),
(207, 'Trajes Formales', 'NULL', 'NULL'),
(208, 'Chaquetas De Cuero', 'NULL', 'NULL'),
(209, 'Sombreros', 'NULL', 'NULL'),
(210, 'Trajes De Surf', 'NULL', 'NULL'),
(211, 'Tablas De Surf', 'NULL', 'NULL'),
(212, 'Medias', 'NULL', 'NULL'),
(213, 'Lociones', 'NULL', 'NULL'),
(214, 'Snack', 'NULL', 'NULL'),
(215, 'Telefonia Movil', 'NULL', 'NULL'),
(216, 'Celulares', 'NULL', 'NULL'),
(217, 'Lentes Opticos', 'NULL', 'NULL'),
(218, 'Lentes De Sol', 'NULL', 'NULL'),
(219, 'Calzado Niño', 'NULL', 'NULL'),
(220, 'Calzado Niña', 'NULL', 'NULL'),
(221, 'Belleza', 'NULL', 'NULL'),
(222, 'Corte De Cabello', 'NULL', 'NULL'),
(223, 'Cambio De Monedas', 'NULL', 'NULL'),
(224, 'Sandwicheria', 'NULL', 'NULL'),
(225, 'Peluqueria', 'NULL', 'NULL'),
(226, 'Pizza', 'NULL', 'NULL'),
(227, 'Burritos', 'NULL', 'NULL'),
(228, 'Bebida', 'NULL', 'NULL'),
(229, 'Postre', 'NULL', 'NULL'),
(230, 'Poleras Piqué', 'NULL', 'NULL'),
(231, 'Articulos Hogar', 'NULL', 'NULL'),
(232, 'Esmalte', 'NULL', 'NULL'),
(233, 'Detergente', 'NULL', 'NULL'),
(234, 'Carnet', 'NULL', 'NULL'),
(235, 'Medias Luna', 'NULL', 'NULL'),
(236, 'Barquillos', 'NULL', 'NULL'),
(237, 'Copas Helado', 'NULL', 'NULL'),
(238, 'Maletas', 'NULL', 'NULL'),
(239, 'Candados', 'NULL', 'NULL'),
(240, 'Tablas', 'NULL', 'NULL'),
(241, 'Pago De Cuentas', 'NULL', 'NULL'),
(242, 'Retiro Y Cobro De Cheques', 'NULL', 'NULL'),
(243, 'Pago Isp', 'NULL', 'NULL'),
(244, 'Recargas Celular', 'NULL', 'NULL'),
(245, 'Camisetas Futbol', 'NULL', 'NULL'),
(246, 'Maquinas De Ejercicios', 'NULL', 'NULL'),
(247, 'Calzado Mujer', 'NULL', 'NULL'),
(248, 'Servicio Tecnico', 'NULL', 'NULL'),
(249, 'Cursos De Ingles', 'NULL', 'NULL'),
(250, 'Pinches', 'NULL', 'NULL'),
(251, 'Collares', 'NULL', 'NULL'),
(252, 'Accesorios Femeninos', 'NULL', 'NULL'),
(253, 'Helados De Fruta Natural', 'NULL', 'NULL'),
(254, 'Churros', 'NULL', 'NULL'),
(255, 'Accesorios Masculinos', 'NULL', 'NULL');

-- --------------------------------------------------------

--
-- Estructura de tabla para la tabla `promocion`
--

CREATE TABLE IF NOT EXISTS `promocion` (
  `idpromocion` int(11) NOT NULL AUTO_INCREMENT,
  `nombre` varchar(45) DEFAULT NULL,
  `detalle` text,
  `fechaInicio` timestamp NULL DEFAULT NULL,
  `fechaTermino` timestamp NULL DEFAULT NULL,
  `idtienda` int(11) DEFAULT NULL,
  PRIMARY KEY (`idpromocion`),
  KEY `idtienda` (`idtienda`)
) ENGINE=InnoDB DEFAULT CHARSET=latin1 AUTO_INCREMENT=1 ;

-- --------------------------------------------------------

--
-- Estructura de tabla para la tabla `propiedadestienda`
--

CREATE TABLE IF NOT EXISTS `propiedadestienda` (
  `idpropiedadesTienda` int(11) NOT NULL AUTO_INCREMENT,
  `idtienda` int(11) DEFAULT NULL,
  `idnodo` int(11) DEFAULT NULL,
  `modulo` varchar(45) DEFAULT NULL,
  PRIMARY KEY (`idpropiedadesTienda`),
  KEY `fk_propiedadesTienda_1` (`idtienda`),
  KEY `fk_propiedadesTienda_2` (`idnodo`)
) ENGINE=InnoDB  DEFAULT CHARSET=latin1 AUTO_INCREMENT=226 ;

--
-- Volcado de datos para la tabla `propiedadestienda`
--

INSERT INTO `propiedadestienda` (`idpropiedadesTienda`, `idtienda`, `idnodo`, `modulo`) VALUES
(1, 1, 1, 'NULL'),
(2, 2, 2, 'NULL'),
(3, 3, 3, 'NULL'),
(4, 4, 4, 'NULL'),
(5, 5, 5, 'NULL'),
(6, 6, 6, 'NULL'),
(7, 7, 7, 'NULL'),
(8, 8, 8, 'NULL'),
(9, 9, 9, 'NULL'),
(10, 10, 10, 'NULL'),
(11, 11, 11, 'NULL'),
(12, 12, 12, 'NULL'),
(13, 13, 13, 'NULL'),
(14, 14, 14, 'NULL'),
(15, 15, 15, 'NULL'),
(16, 16, 16, 'NULL'),
(17, 17, 17, 'NULL'),
(18, 18, 18, 'NULL'),
(19, 19, 19, 'NULL'),
(20, 20, 20, 'NULL'),
(21, 21, 21, 'NULL'),
(22, 22, 22, 'NULL'),
(23, 23, 23, 'NULL'),
(24, 24, 24, 'NULL'),
(25, 25, 25, 'NULL'),
(26, 26, 26, 'NULL'),
(27, 27, 27, 'NULL'),
(28, 28, 28, 'NULL'),
(29, 29, 29, 'NULL'),
(30, 30, 30, 'NULL'),
(31, 31, 31, 'NULL'),
(32, NULL, NULL, 'NULL'),
(33, 33, 33, 'NULL'),
(34, NULL, NULL, 'NULL'),
(35, 35, 35, 'NULL'),
(36, 36, 36, 'NULL'),
(37, 37, 37, 'NULL'),
(38, 38, 38, 'NULL'),
(39, 39, 39, 'NULL'),
(40, 40, 40, 'NULL'),
(41, 41, 41, 'NULL'),
(42, 42, 42, 'NULL'),
(43, 43, 43, 'NULL'),
(44, 44, 44, 'NULL'),
(45, 45, 45, 'NULL'),
(46, 46, 46, 'NULL'),
(47, 47, 47, 'NULL'),
(48, 48, 48, 'NULL'),
(49, 49, 49, 'NULL'),
(50, 50, 50, 'NULL'),
(51, 51, 51, 'NULL'),
(52, 52, 52, 'NULL'),
(53, 53, 53, 'NULL'),
(54, 54, 54, 'NULL'),
(55, 55, 55, 'NULL'),
(56, 56, 56, 'NULL'),
(57, 57, 57, 'NULL'),
(58, 58, 58, 'NULL'),
(59, 59, 59, 'NULL'),
(60, 60, 60, 'NULL'),
(61, 61, 61, 'NULL'),
(62, 62, 62, 'NULL'),
(63, 63, 63, 'NULL'),
(64, 64, 64, 'NULL'),
(65, 65, 65, 'NULL'),
(66, 66, 66, 'NULL'),
(67, 67, 67, 'NULL'),
(68, 68, 68, 'NULL'),
(69, 69, 69, 'NULL'),
(70, 70, 70, 'NULL'),
(71, 71, 71, 'NULL'),
(72, 72, 72, 'NULL'),
(73, 73, 73, 'NULL'),
(74, 74, 74, 'NULL'),
(75, 75, 75, 'NULL'),
(76, 76, 76, 'NULL'),
(77, 77, 77, 'NULL'),
(78, 78, 78, 'NULL'),
(79, 79, 79, 'NULL'),
(80, 80, 80, 'NULL'),
(81, 81, 81, 'NULL'),
(82, 82, 82, 'NULL'),
(83, 83, 83, 'NULL'),
(84, 84, 84, 'NULL'),
(85, 85, 85, 'NULL'),
(86, 86, 86, 'NULL'),
(87, 87, 87, 'NULL'),
(88, 88, 88, 'NULL'),
(89, 89, 89, 'NULL'),
(90, 90, 90, 'NULL'),
(91, 91, 91, 'NULL'),
(92, 92, 92, 'NULL'),
(93, 93, 93, 'NULL'),
(94, 94, 94, 'NULL'),
(95, 95, 95, 'NULL'),
(96, 96, 96, 'NULL'),
(97, 97, 97, 'NULL'),
(98, 98, 98, 'NULL'),
(99, 99, 99, 'NULL'),
(100, 100, 100, 'NULL'),
(101, 101, 101, 'NULL'),
(102, 102, 102, 'NULL'),
(103, 103, 103, 'NULL'),
(104, 104, 104, 'NULL'),
(105, 105, 105, 'NULL'),
(106, 106, 106, 'NULL'),
(107, 107, 107, 'NULL'),
(108, 108, 108, 'NULL'),
(109, 109, 109, 'NULL'),
(110, 110, 110, 'NULL'),
(111, 111, 111, 'NULL'),
(112, 112, 112, 'NULL'),
(113, 113, 113, 'NULL'),
(114, 114, 114, 'NULL'),
(115, 115, 115, 'NULL'),
(116, 116, 116, 'NULL'),
(117, 117, 117, 'NULL'),
(118, 118, 118, 'NULL'),
(119, 119, 119, 'NULL'),
(120, 120, 120, 'NULL'),
(121, 121, 121, 'NULL'),
(122, 122, 122, 'NULL'),
(123, 123, 123, 'NULL'),
(124, 124, 124, 'NULL'),
(125, 125, 125, 'NULL'),
(126, 126, 126, 'NULL'),
(127, 127, 127, 'NULL'),
(128, 128, 128, 'NULL'),
(129, 129, 129, 'NULL'),
(130, 130, 130, 'NULL'),
(131, 131, 131, 'NULL'),
(132, 132, 132, 'NULL'),
(133, 133, 133, 'NULL'),
(134, 134, 134, 'NULL'),
(135, 135, 135, 'NULL'),
(136, 136, 136, 'NULL'),
(137, 137, 137, 'NULL'),
(138, 138, 138, 'NULL'),
(139, 139, 139, 'NULL'),
(140, 140, 140, 'NULL'),
(141, 141, 141, 'NULL'),
(142, 142, 142, 'NULL'),
(143, 143, 143, 'NULL'),
(144, 144, 144, 'NULL'),
(145, 145, 145, 'NULL'),
(146, 146, 146, 'NULL'),
(147, 147, 147, 'NULL'),
(148, 148, 148, 'NULL'),
(149, 149, 149, 'NULL'),
(150, 150, 150, 'NULL'),
(151, 151, 151, 'NULL'),
(152, 152, 152, 'NULL'),
(153, 153, 153, 'NULL'),
(154, 154, 154, 'NULL'),
(155, 155, 155, 'NULL'),
(156, 156, 156, 'NULL'),
(157, 157, 157, 'NULL'),
(158, 158, 158, 'NULL'),
(159, 159, 159, 'NULL'),
(160, 160, 160, 'NULL'),
(161, NULL, NULL, 'NULL'),
(162, 162, 162, 'NULL'),
(163, 163, 163, 'NULL'),
(164, 164, 164, 'NULL'),
(165, 165, 165, 'NULL'),
(166, 166, 166, 'NULL'),
(167, 167, 167, 'NULL'),
(168, 168, 168, 'NULL'),
(169, 169, 169, 'NULL'),
(170, 170, 170, 'NULL'),
(171, 171, 171, 'NULL'),
(172, 172, 172, 'NULL'),
(173, 173, 173, 'NULL'),
(174, 174, 174, 'NULL'),
(175, 175, 175, 'NULL'),
(176, 176, 176, 'NULL'),
(177, 177, 177, 'NULL'),
(178, 178, 178, 'NULL'),
(179, 179, 179, 'NULL'),
(180, NULL, NULL, 'NULL'),
(181, 181, 181, 'NULL'),
(182, 182, 182, 'NULL'),
(183, 183, 183, 'NULL'),
(184, 184, 184, 'NULL'),
(186, 186, 186, 'NULL'),
(187, 187, 187, 'NULL'),
(188, 188, 188, 'NULL'),
(189, 189, 189, 'NULL'),
(190, 190, 190, 'NULL'),
(191, 191, 191, 'NULL'),
(192, 192, 192, 'NULL'),
(193, 193, 193, 'NULL'),
(194, 194, 194, 'NULL'),
(195, 195, 195, 'NULL'),
(196, 196, 196, 'NULL'),
(197, 197, 197, 'NULL'),
(198, 198, 198, 'NULL'),
(199, 199, 199, 'NULL'),
(200, 200, 200, 'NULL'),
(201, 201, 201, 'NULL'),
(202, 202, 202, 'NULL'),
(203, 203, 203, 'NULL'),
(204, 204, 204, 'NULL'),
(205, 205, 205, 'NULL'),
(206, 206, 206, 'NULL'),
(207, 207, 207, 'NULL'),
(208, 208, 208, 'NULL'),
(209, 209, 209, 'NULL'),
(210, 210, 210, 'NULL'),
(211, 211, 211, 'NULL'),
(212, 212, 212, 'NULL'),
(213, 213, 213, 'NULL'),
(214, 214, 214, 'NULL'),
(215, NULL, NULL, 'NULL'),
(216, 216, 216, 'NULL'),
(217, 217, 217, 'NULL'),
(218, 218, 218, 'NULL'),
(219, 219, 219, 'NULL'),
(220, 220, 220, 'NULL'),
(221, 221, 221, 'NULL'),
(222, 222, 222, 'NULL'),
(223, 223, 223, 'NULL'),
(224, 224, 224, 'NULL'),
(225, 225, 225, 'NULL');

-- --------------------------------------------------------

--
-- Estructura de tabla para la tabla `reclamos`
--

CREATE TABLE IF NOT EXISTS `reclamos` (
  `idreclamos` int(11) NOT NULL AUTO_INCREMENT,
  `rut` varchar(45) DEFAULT NULL,
  `nombre` varchar(45) DEFAULT NULL,
  `apellidoPaterno` varchar(45) DEFAULT NULL,
  `apellidoMaterno` varchar(45) DEFAULT NULL,
  `empresa` varchar(45) DEFAULT NULL,
  `motivo` varchar(45) DEFAULT NULL,
  `detalle` text,
  PRIMARY KEY (`idreclamos`)
) ENGINE=InnoDB DEFAULT CHARSET=latin1 AUTO_INCREMENT=1 ;

-- --------------------------------------------------------

--
-- Estructura de tabla para la tabla `rubro`
--

CREATE TABLE IF NOT EXISTS `rubro` (
  `idrubro` int(11) NOT NULL AUTO_INCREMENT,
  `nombre` varchar(45) DEFAULT NULL,
  `logo` varchar(45) DEFAULT NULL,
  PRIMARY KEY (`idrubro`)
) ENGINE=InnoDB  DEFAULT CHARSET=latin1 AUTO_INCREMENT=28 ;

--
-- Volcado de datos para la tabla `rubro`
--

INSERT INTO `rubro` (`idrubro`, `nombre`, `logo`) VALUES
(1, 'Auto Plaza', 'autoplaza.jpg'),
(2, 'Computación y Electrónica', 'computacion.jpg'),
(3, 'Deporte', 'deporte.jpg'),
(4, 'Entretención y Cultura', 'entretencion.jpg'),
(5, 'Hogar y Regalos', 'hogar.jpg'),
(6, 'Hombre', 'hombre.jpg'),
(7, 'Joyería y Relojerías', 'joyeria.jpg'),
(8, 'Jugueterías', 'jugueteria.jpg'),
(9, 'Las Terrazas', 'terrazas.jpg'),
(10, 'Mujer', 'mujer.jpg'),
(11, 'Música, Fotografía y Librerías', 'musica.jpg'),
(12, 'Niños', 'ninos.jpg'),
(13, 'Ópticas, Perfumerías y Farmacias', 'optica.jpg'),
(14, 'Peluquería y Belleza', 'peluqueria.jpg'),
(15, 'Restauranes, Cafeterías y Heladerías', 'restauranes.jpg'),
(16, 'Servicios', 'servicios.jpg'),
(17, 'Tiendas Departamentales', 'departamentales.jpg'),
(18, 'Bancos', 'bancos.jpg'),
(19, 'Bancos y Casas de Cambio', 'bancos.jpg'),
(20, 'Pago de Cuentas', 'pago.jpg'),
(21, 'Servicios Públicos', 'serviciospublicos.jpg'),
(22, 'Servicios para el Hogar', 'servicioshogar.jpg'),
(23, 'Salud y Belleza', 'saludybelleza.jpg'),
(24, 'Pasajes, Giros y Encomiendas', 'pasajes.jpg'),
(25, 'Educación', 'educacion.jpg'),
(26, 'Patio de Comidas', 'food.jpg'),
(27, 'Tiendas Menores', 'tiendasmenores.jpg');

-- --------------------------------------------------------

--
-- Estructura de tabla para la tabla `subcategoria`
--

CREATE TABLE IF NOT EXISTS `subcategoria` (
  `idSubCategoria` int(11) NOT NULL AUTO_INCREMENT,
  `nombreSubCategoria` varchar(100) DEFAULT NULL,
  `idCategoria` int(11) DEFAULT NULL,
  PRIMARY KEY (`idSubCategoria`),
  KEY `fk_subCategoria_categoria` (`idCategoria`)
) ENGINE=InnoDB DEFAULT CHARSET=latin1 AUTO_INCREMENT=1 ;

-- --------------------------------------------------------

--
-- Estructura de tabla para la tabla `submotivo`
--

CREATE TABLE IF NOT EXISTS `submotivo` (
  `idSubMotivo` int(11) NOT NULL AUTO_INCREMENT,
  `nombreSubMotivo` varchar(100) DEFAULT NULL,
  `idMotivo` int(11) DEFAULT NULL,
  PRIMARY KEY (`idSubMotivo`),
  KEY `fk_subMotivo_motivo` (`idMotivo`)
) ENGINE=InnoDB DEFAULT CHARSET=latin1 AUTO_INCREMENT=1 ;

-- --------------------------------------------------------

--
-- Estructura de tabla para la tabla `tienda`
--

CREATE TABLE IF NOT EXISTS `tienda` (
  `idtienda` int(11) NOT NULL AUTO_INCREMENT,
  `nombre` varchar(45) DEFAULT NULL,
  `logo` varchar(45) DEFAULT NULL,
  PRIMARY KEY (`idtienda`)
) ENGINE=InnoDB  DEFAULT CHARSET=latin1 AUTO_INCREMENT=226 ;

--
-- Volcado de datos para la tabla `tienda`
--

INSERT INTO `tienda` (`idtienda`, `nombre`, `logo`) VALUES
(1, 'Vacancy', 'null.jpg'),
(2, 'Vacancy', 'null.jpg'),
(3, 'Vacancy', 'null.jpg'),
(4, 'Vacancy', 'null.jpg'),
(5, 'Osito', 'osito.jpg'),
(6, 'Integramedica', 'integramedica.jpg'),
(7, 'Intersalon', 'intersalon.jpg'),
(8, 'Mc Donalds', 'mcdonalds.jpg'),
(9, 'Family Shop', 'family.jpg'),
(10, 'Vacancy', 'null.jpg'),
(11, 'Bravissimo Ii', 'bravissimo.jpg'),
(12, 'Wados', 'wados.jpg'),
(13, 'Gema', 'gema.jpg'),
(14, 'Todo Piel', 'todopiel.jpg'),
(15, 'Boumex', 'boumex.jpg'),
(16, 'Capellini', 'capellini.jpg'),
(17, 'Ferracini', 'ferracini.jpg'),
(18, 'Gacel', 'gacel.jpg'),
(19, 'Bubble Gummers', 'bgummers.jpg'),
(20, 'Optica Gmo', 'opticasgmo.jpg'),
(21, 'Monarch', 'monarch.jpg'),
(22, 'Via Rosmini', 'null.jpg'),
(23, 'Coppelia', 'coppelia.jpg'),
(24, 'Banco Falabella', 'bancofalabella.jpg'),
(25, 'Falabella', 'falabella.jpg'),
(26, 'Banco De Chile', 'bancochile.jpg'),
(27, 'Banco Itau', 'itau.jpg'),
(28, 'Vacancy', 'null.jpg'),
(29, 'Vacancy', 'null.jpg'),
(30, 'Vacancy', 'null.jpg'),
(31, 'Nextel', 'nextel.jpg'),
(32, 'Jardin Interior', 'null.jpg'),
(33, 'Homecenter Sodimac', 'homecenter.jpg'),
(34, 'Homecenter Sodimac (Patio Construccion)', 'homecenter.jpg'),
(35, 'Vacancy', 'null.jpg'),
(36, 'Vacancy', 'null.jpg'),
(37, 'Vacancy', 'null.jpg'),
(38, 'Maicao', 'maicao.jpg'),
(39, 'Vacancy', 'null.jpg'),
(40, 'Salcobrand', 'salcobrand.jpg'),
(41, 'Vacancy', 'null.jpg'),
(42, 'Vacancy', 'null.jpg'),
(43, 'Vacancy', 'null.jpg'),
(44, 'Vacancy', 'null.jpg'),
(45, 'Cinemark', 'cinemark.jpg'),
(46, 'Sparta', 'sparta.jpg'),
(47, 'Saxoline', 'saxoline.jpg'),
(48, 'Funsport', 'null.jpg'),
(49, 'Hush Puppies Kids', 'hushpuppieskids.jpg'),
(50, 'Fashion Park', 'null.jpg'),
(51, 'Azaleia', 'null.jpg'),
(52, 'Libreria Antartica', 'null.jpg'),
(53, 'Hush Puppies', 'hushpuppies.jpg'),
(54, 'Ripley', 'ripley.jpg'),
(55, 'Banco Santander Santiago', 'null.jpg'),
(56, 'Banco Bci', 'bancobci.jpg'),
(57, 'Bbva', 'bbva.jpg'),
(58, 'Palumbo', 'palumbo.jpg'),
(59, 'Place Vendome', 'placevendome.jpg'),
(60, 'Maui & Sons', 'maui.jpg'),
(61, 'Matthew', 'matthew.jpg'),
(62, 'Cannon', 'cannon.jpg'),
(63, 'Potros', 'potros.jpg'),
(64, 'Verioska', 'null.jpg'),
(65, 'Bata', 'bata.jpg'),
(66, 'Banco Nova', 'banconova.jpg'),
(67, 'Transantiago', 'null.jpg'),
(68, 'Casa & Ideas', 'casaideas.jpg'),
(69, 'Correos De Chile', 'correosdechile.jpg'),
(70, 'Vacancy', 'null.jpg'),
(71, 'Casa Royal', 'casaroyal.jpg'),
(72, 'Banco Credi Chile', 'bancocredichile.jpg'),
(73, 'Cajero Banco Chile', 'bancochile.jpg'),
(74, 'Chilexpress', 'chilexpress.jpg'),
(75, 'Salco Brand', 'salcobrand.jpg'),
(76, 'Vacancy', 'null.jpg'),
(77, 'Vacancy', 'null.jpg'),
(78, 'Vacancy', 'null.jpg'),
(79, 'Vacancy', 'null.jpg'),
(80, 'Vacancy', 'null.jpg'),
(81, 'Paris', 'paris.jpg'),
(82, 'Vacancy', 'null.jpg'),
(83, 'Vacancy', 'null.jpg'),
(84, 'Ss.Tt. Chevrolet', 'chevrolet.jpg'),
(85, 'Ss.Tt. Chevrolet', 'chevrolet.jpg'),
(86, 'Vacancy', 'null.jpg'),
(87, 'Douglas Lubricentro', 'null.jpg'),
(88, 'Ss.Tt.Kia', 'kia.jpg'),
(89, 'Motostar', 'motostar.jpg'),
(90, 'Autobahn', 'null.jpg'),
(91, 'CMR Autos', 'cmr.jpg'),
(92, 'Vacancy', 'null.jpg'),
(93, 'Central Frenos', 'null.jpg'),
(94, 'Bci Autos', 'bciautos.jpg'),
(95, 'Volkswagen', 'null.jpg'),
(96, 'Central Frenos', 'null.jpg'),
(97, 'Forum', 'forum.jpg'),
(98, 'Ss.Tt.Toyota', 'null.jpg'),
(99, 'Vacancy', 'null.jpg'),
(100, 'Ford', 'null.jpg'),
(101, 'Peugeot', 'peugeot.jpg'),
(102, 'Kia', 'kia.jpg'),
(103, 'Chevrolet', 'chevrolet.jpg'),
(104, 'Hyundai', 'hyundai.jpg'),
(105, 'Ford', 'null.jpg'),
(106, 'Vacancy', 'null.jpg'),
(107, 'Vacancy', 'null.jpg'),
(108, 'Vacancy', 'null.jpg'),
(109, 'Vacancy', 'null.jpg'),
(110, 'Vacancy', 'null.jpg'),
(111, 'Vacancy', 'null.jpg'),
(112, 'Vacancy', 'null.jpg'),
(113, 'Vacancy', 'null.jpg'),
(114, 'Vacancy', 'null.jpg'),
(115, 'Vacancy', 'null.jpg'),
(116, 'Vacancy', 'null.jpg'),
(117, 'Vacancy', 'null.jpg'),
(118, 'Lider', 'lider.jpg'),
(119, 'Vacancy', 'null.jpg'),
(120, 'Vacancy', 'null.jpg'),
(121, 'Vacancy', 'null.jpg'),
(122, 'Vacancy', 'null.jpg'),
(123, 'Vacancy', 'null.jpg'),
(124, 'Vacancy', 'null.jpg'),
(125, 'Banco Paris', 'bancoparis.jpg'),
(126, 'Bresler', 'bresler.jpg'),
(127, 'Gotta', 'null.jpg'),
(128, 'Block', 'block.jpg'),
(129, 'Pre-Unic', 'preunic.jpg'),
(130, 'Vacancy', 'null.jpg'),
(131, 'Caffarena', 'caffarena.jpg'),
(132, 'Urban Corner', 'urbancorner.jpg'),
(133, 'Colloky', 'colloky.jpg'),
(134, 'Bameis', 'null.jpg'),
(135, 'De Togni', 'detogni.jpg'),
(136, 'Vanks', 'null.jpg'),
(137, 'Ferouch', 'ferouch.jpg'),
(138, 'Shop Dog', 'shopdog.jpg'),
(139, 'Belsport', 'belsport.jpg'),
(140, 'Cruz Verde', 'cruzverde.jpg'),
(141, 'Rotter & Kraus', 'opticasrotterykrauss.jpg'),
(142, 'Vacancy', 'null.jpg'),
(143, 'Adidas', 'adidas.jpg'),
(144, 'Vacancy', 'null.jpg'),
(145, 'Vacancy', 'null.jpg'),
(146, 'Mamut', 'mamut.jpg'),
(147, 'Ripley', 'ripley.jpg'),
(148, 'Opticas Schilling', 'opticasshilling.jpg'),
(149, 'Feria Mix', 'feriamix.jpg'),
(150, 'Ficcus', 'ficcus.jpg'),
(151, 'Patuelli', 'patuelli.jpg'),
(152, 'Baby Infanti', 'babyinfanti.jpg'),
(153, 'Toupper', 'null.jpg'),
(154, 'Timber Wolf', 'null.jpg'),
(155, 'Vacancy', 'null.jpg'),
(156, '100% Futbol', '100futbol.jpg'),
(157, 'Disworld', 'disworld.jpg'),
(158, 'Kodak', 'null.jpg'),
(159, 'Registro Civil', 'registrocivil.jpg'),
(160, 'Falabella', 'falabella.jpg'),
(161, 'Oficinas Administrativas Mall', 'oficinasadministrativasmall.jpg'),
(162, 'Bruno Rossi', 'brunorossi.jpg'),
(163, 'Xurros', 'null.jpg'),
(164, 'Vacancy', 'null.jpg'),
(165, 'Limonada', 'limonada.jpg'),
(166, 'Moletto', 'moletto.jpg'),
(167, 'Lapiz Lopez', 'lapizlopez.jpg'),
(168, 'Bellota', 'bellota.jpg'),
(169, 'Zako', 'zako.jpg'),
(170, 'Burger King', 'burgerking.jpg'),
(171, 'Fritz', 'fritz.jpg'),
(172, 'Doggis', 'doggis.jpg'),
(173, 'Platon', 'platon.jpg'),
(174, 'Savory', 'savory.jpg'),
(175, 'Vacancy', 'null.jpg'),
(176, 'KFC', 'kfc.jpg'),
(177, 'Vacancy', 'null.jpg'),
(178, 'Integramedica', 'integramedica.jpg'),
(179, 'Bravissimo', 'bravissimo.jpg'),
(180, 'Area De Mesas', 'areademesas.jpg'),
(181, 'Telepizza', 'telepizza.jpg'),
(182, 'Happyland', 'happyland.jpg'),
(183, 'Happyland', 'happyland.jpg'),
(184, 'Pizza Hut Taco Bell', 'null.jpg'),
(186, 'China Wok', 'chinawok.jpg'),
(187, 'Foster', 'null.jpg'),
(188, 'Kayser', 'kayser.jpg'),
(189, 'Anastassia', 'anastassia.jpg'),
(190, 'Poeme', 'poeme.jpg'),
(191, 'Black & Blue', 'blackandblue.jpg'),
(192, 'Baby Center', 'null.jpg'),
(193, 'Do It!', 'doit.jpg'),
(194, 'Banco Santander', 'santander.jpg'),
(195, 'Vacancy', 'null.jpg'),
(196, 'Vacancy', 'null.jpg'),
(197, 'Vacancy', 'null.jpg'),
(198, 'Vacancy', 'null.jpg'),
(199, 'Vacancy', 'null.jpg'),
(200, 'Vacancy', 'null.jpg'),
(201, 'Vacancy', 'null.jpg'),
(202, 'Vacancy', 'null.jpg'),
(203, 'Paris', 'paris.jpg'),
(204, 'Vacancy', 'null.jpg'),
(205, 'Vacancy', 'null.jpg'),
(206, 'Vacancy', 'null.jpg'),
(207, 'Vacancy', 'null.jpg'),
(208, 'Vacancy', 'null.jpg'),
(209, 'Vacancy', 'null.jpg'),
(210, 'Home Factory', 'null.jpg'),
(211, 'Promociones Turisticas', 'null.jpg'),
(212, 'Tronwell', 'tronwell.jpg'),
(213, 'Palumbo', 'palumbo.jpg'),
(214, 'Vacancy', 'null.jpg'),
(215, 'Refectorio', 'refectorio.jpg'),
(216, 'Vacancy', 'null.jpg'),
(217, 'Vacancy', 'null.jpg'),
(218, 'Guante', 'guante.jpg'),
(219, 'Fes', 'fes.jpg'),
(220, 'Flores', 'flores.jpg'),
(221, 'Imagen', 'imagen.jpg'),
(222, 'Billabong', 'billabong.jpg'),
(223, 'Joyeria Baron', 'jbaron.jpg'),
(224, 'Monix', 'monix.jpg'),
(225, 'Econopticas', 'null.jpg');

-- --------------------------------------------------------

--
-- Estructura de tabla para la tabla `totem`
--

CREATE TABLE IF NOT EXISTS `totem` (
  `idtotem` int(11) NOT NULL AUTO_INCREMENT,
  `idnodo` int(11) NOT NULL,
  `nombre` varchar(45) DEFAULT NULL,
  `orientacion` varchar(45) DEFAULT NULL,
  PRIMARY KEY (`idtotem`),
  KEY `fk_totem_1` (`idnodo`)
) ENGINE=InnoDB  DEFAULT CHARSET=latin1 AUTO_INCREMENT=2 ;

--
-- Volcado de datos para la tabla `totem`
--

INSERT INTO `totem` (`idtotem`, `idnodo`, `nombre`, `orientacion`) VALUES
(1, 246, 'T1', 'N');

-- --------------------------------------------------------

--
-- Estructura de tabla para la tabla `usuario`
--

CREATE TABLE IF NOT EXISTS `usuario` (
  `id_usuario` int(11) NOT NULL AUTO_INCREMENT,
  `nomComUsuario` varchar(45) DEFAULT NULL,
  `nomUsuario` varchar(30) DEFAULT NULL,
  `mailUsuario` varchar(60) DEFAULT NULL,
  `passUsuario` varchar(100) DEFAULT NULL,
  `privilegioUsuario` int(11) DEFAULT NULL,
  PRIMARY KEY (`id_usuario`)
) ENGINE=InnoDB DEFAULT CHARSET=latin1 AUTO_INCREMENT=1 ;

-- --------------------------------------------------------

--
-- Estructura de tabla para la tabla `usuarios`
--

CREATE TABLE IF NOT EXISTS `usuarios` (
  `idusuarios` int(11) NOT NULL AUTO_INCREMENT,
  `nombre` varchar(45) DEFAULT NULL,
  `apellidoPaterno` varchar(45) DEFAULT NULL,
  `apellidoMaterno` varchar(45) DEFAULT NULL,
  `jerarquia` varchar(45) DEFAULT NULL,
  PRIMARY KEY (`idusuarios`)
) ENGINE=InnoDB DEFAULT CHARSET=latin1 AUTO_INCREMENT=1 ;

--
-- Restricciones para tablas volcadas
--

--
-- Filtros para la tabla `detallemarca`
--
ALTER TABLE `detallemarca`
  ADD CONSTRAINT `detallemarca_ibfk_1` FOREIGN KEY (`idtienda`) REFERENCES `tienda` (`idtienda`) ON DELETE NO ACTION ON UPDATE NO ACTION,
  ADD CONSTRAINT `fk_dm_idmarca` FOREIGN KEY (`idmarca`) REFERENCES `marca` (`idmarca`) ON DELETE NO ACTION ON UPDATE NO ACTION,
  ADD CONSTRAINT `fk_dm_idproducto` FOREIGN KEY (`idproducto`) REFERENCES `producto` (`idproducto`) ON DELETE NO ACTION ON UPDATE NO ACTION;

--
-- Filtros para la tabla `detalleoferta`
--
ALTER TABLE `detalleoferta`
  ADD CONSTRAINT `fk_do_idoferta` FOREIGN KEY (`idoferta`) REFERENCES `oferta` (`idoferta`) ON DELETE NO ACTION ON UPDATE NO ACTION,
  ADD CONSTRAINT `fk_do_idproducto` FOREIGN KEY (`idproducto`) REFERENCES `producto` (`idproducto`) ON DELETE NO ACTION ON UPDATE NO ACTION;

--
-- Filtros para la tabla `detallepromocion`
--
ALTER TABLE `detallepromocion`
  ADD CONSTRAINT `fk_dt_idproducto` FOREIGN KEY (`idproducto`) REFERENCES `producto` (`idproducto`) ON DELETE NO ACTION ON UPDATE NO ACTION,
  ADD CONSTRAINT `fk_dt_idpromocion` FOREIGN KEY (`idpromocion`) REFERENCES `promocion` (`idpromocion`) ON DELETE NO ACTION ON UPDATE NO ACTION;

--
-- Filtros para la tabla `detallerubro`
--
ALTER TABLE `detallerubro`
  ADD CONSTRAINT `fk_dr_idrubro` FOREIGN KEY (`idrubro`) REFERENCES `rubro` (`idrubro`) ON DELETE NO ACTION ON UPDATE NO ACTION,
  ADD CONSTRAINT `fk_dr_idtienda` FOREIGN KEY (`idtienda`) REFERENCES `tienda` (`idtienda`) ON DELETE NO ACTION ON UPDATE NO ACTION;

--
-- Filtros para la tabla `detalletienda`
--
ALTER TABLE `detalletienda`
  ADD CONSTRAINT `fk_idproducto` FOREIGN KEY (`idproducto`) REFERENCES `producto` (`idproducto`) ON DELETE NO ACTION ON UPDATE NO ACTION,
  ADD CONSTRAINT `fk_idtienda` FOREIGN KEY (`idtienda`) REFERENCES `tienda` (`idtienda`) ON DELETE NO ACTION ON UPDATE NO ACTION;

--
-- Filtros para la tabla `estacionamiento`
--
ALTER TABLE `estacionamiento`
  ADD CONSTRAINT `fk_estacionamiento_1` FOREIGN KEY (`idnodo`) REFERENCES `nodos` (`idnodo`) ON DELETE NO ACTION ON UPDATE NO ACTION;

--
-- Filtros para la tabla `mensaje`
--
ALTER TABLE `mensaje`
  ADD CONSTRAINT `fk_mensaje_subMotivo` FOREIGN KEY (`idSubMotivo`) REFERENCES `submotivo` (`idSubMotivo`);

--
-- Filtros para la tabla `motivo`
--
ALTER TABLE `motivo`
  ADD CONSTRAINT `fk_motivo_subCategoria` FOREIGN KEY (`idSubCategoria`) REFERENCES `subcategoria` (`idSubCategoria`);

--
-- Filtros para la tabla `nodos`
--
ALTER TABLE `nodos`
  ADD CONSTRAINT `fk_nodos_1` FOREIGN KEY (`idcambiadorPiso`) REFERENCES `cambiadorpiso` (`idcambiadorPiso`) ON DELETE NO ACTION ON UPDATE NO ACTION;

--
-- Filtros para la tabla `oferta`
--
ALTER TABLE `oferta`
  ADD CONSTRAINT `fk_of_idtienda` FOREIGN KEY (`idtienda`) REFERENCES `tienda` (`idtienda`) ON DELETE NO ACTION ON UPDATE NO ACTION;

--
-- Filtros para la tabla `promocion`
--
ALTER TABLE `promocion`
  ADD CONSTRAINT `idtienda` FOREIGN KEY (`idtienda`) REFERENCES `tienda` (`idtienda`) ON DELETE NO ACTION ON UPDATE NO ACTION;

--
-- Filtros para la tabla `propiedadestienda`
--
ALTER TABLE `propiedadestienda`
  ADD CONSTRAINT `fk_propiedadesTienda_1` FOREIGN KEY (`idtienda`) REFERENCES `tienda` (`idtienda`) ON DELETE NO ACTION ON UPDATE NO ACTION,
  ADD CONSTRAINT `fk_propiedadesTienda_2` FOREIGN KEY (`idnodo`) REFERENCES `nodos` (`idnodo`) ON DELETE NO ACTION ON UPDATE NO ACTION;

--
-- Filtros para la tabla `subcategoria`
--
ALTER TABLE `subcategoria`
  ADD CONSTRAINT `fk_subCategoria_categoria` FOREIGN KEY (`idCategoria`) REFERENCES `categoria` (`idCategoria`);

--
-- Filtros para la tabla `submotivo`
--
ALTER TABLE `submotivo`
  ADD CONSTRAINT `fk_subMotivo_motivo` FOREIGN KEY (`idMotivo`) REFERENCES `motivo` (`idMotivo`);

--
-- Filtros para la tabla `totem`
--
ALTER TABLE `totem`
  ADD CONSTRAINT `fk_totem_1` FOREIGN KEY (`idnodo`) REFERENCES `nodos` (`idnodo`) ON DELETE NO ACTION ON UPDATE NO ACTION;

/*!40101 SET CHARACTER_SET_CLIENT=@OLD_CHARACTER_SET_CLIENT */;
/*!40101 SET CHARACTER_SET_RESULTS=@OLD_CHARACTER_SET_RESULTS */;
/*!40101 SET COLLATION_CONNECTION=@OLD_COLLATION_CONNECTION */;
